{
    "4a4868e52360d7543909a7981b4606db939230ea": {
        "0": 136,
        "1": 1,
        "2": 1,
        "3": 1,
        "4": 1,
        "5": 1,
        "6": 1,
        "7": 1,
        "8": 1,
        "9": 199,
        "10": 84,
        "11": 1,
        "12": 229,
        "13": 137,
        "14": 108,
        "15": 1,
        "16": 144,
        "17": 112,
        "18": 110,
        "19": 1,
        "20": 117,
        "21": 1,
        "22": 1,
        "23": 1,
        "24": 1,
        "25": 1,
        "26": 1,
        "27": 1,
        "28": 3,
        "29": 1,
        "30": 1,
        "31": 1,
        "32": 1,
        "33": 1,
        "34": 1,
        "35": 1,
        "36": 1,
        "37": 95,
        "38": 104,
        "39": 1,
        "40": 1,
        "41": 1,
        "42": 1,
        "43": 1,
        "44": 1,
        "45": 1,
        "46": 1,
        "47": 1,
        "48": 1,
        "49": 1,
        "50": 1,
        "51": 1,
        "52": 1,
        "53": 30,
        "54": 1,
        "55": 1,
        "56": 1,
        "57": 1
    },
    "5b1d594005293e8de7e58cd70cde88c9041107cf": {
        "0": 2558,
        "1": 3,
        "2": 3,
        "3": 1,
        "4": 1,
        "5": 1,
        "6": 1,
        "7": 1,
        "8": 1,
        "9": 1,
        "10": 1,
        "11": 1,
        "12": 1,
        "13": 1,
        "14": 1,
        "15": 1,
        "16": 1,
        "17": 1,
        "18": 1,
        "19": 1,
        "20": 1,
        "21": 1,
        "22": 1,
        "23": 1,
        "24": 1,
        "25": 1,
        "26": 1,
        "27": 1,
        "28": 1,
        "29": 1,
        "30": 1,
        "31": 1,
        "32": 1,
        "33": 1,
        "34": 1,
        "35": 1,
        "36": 1,
        "37": 1,
        "38": 1,
        "39": 3,
        "40": 1,
        "41": 1,
        "42": 1,
        "43": 1,
        "44": 1,
        "45": 1,
        "46": 1,
        "47": 1,
        "48": 1,
        "49": 1,
        "50": 1,
        "51": 1,
        "52": 2,
        "53": 1,
        "54": 1,
        "55": 1,
        "56": 1,
        "57": 1
    },
    "5bbca80428ffbe776650652de86a3bba885edb31": {
        "0": 2172,
        "1": 3,
        "2": 1,
        "3": 1,
        "4": 1,
        "5": 1,
        "6": 1,
        "7": 1,
        "8": 1,
        "9": 1,
        "10": 1,
        "11": 1,
        "12": 1,
        "13": 1,
        "14": 1,
        "15": 1,
        "16": 1,
        "17": 1,
        "18": 1,
        "19": 1,
        "20": 1,
        "21": 1,
        "22": 1,
        "23": 1,
        "24": 1,
        "25": 1,
        "26": 1,
        "27": 1,
        "28": 1,
        "29": 1,
        "30": 1,
        "31": 1,
        "32": 1,
        "33": 1,
        "34": 1,
        "35": 1,
        "36": 1,
        "37": 1,
        "38": 1,
        "39": 1,
        "40": 1,
        "41": 1,
        "42": 1,
        "43": 1,
        "44": 1,
        "45": 1,
        "46": 1,
        "47": 1,
        "48": 1,
        "49": 1,
        "50": 1,
        "51": 1,
        "52": 1,
        "53": 1,
        "54": 1,
        "55": 2,
        "56": 2,
        "57": 1
    },
    "6ba8fd7e8e038351fc14f6096ea2216ce2abe918": {
        "0": 1792,
        "1": 1,
        "2": 1,
        "3": 1,
        "4": 1,
        "5": 1,
        "6": 1,
        "7": 1,
        "8": 1,
        "9": 1,
        "10": 1,
        "11": 1,
        "12": 1,
        "13": 1,
        "14": 1,
        "15": 1,
        "16": 1,
        "17": 1,
        "18": 3,
        "19": 1,
        "20": 1,
        "21": 1,
        "22": 1,
        "23": 1,
        "24": 1,
        "25": 1,
        "26": 1,
        "27": 1,
        "28": 1,
        "29": 1,
        "30": 1,
        "31": 1,
        "32": 1,
        "33": 1,
        "34": 1,
        "35": 1,
        "36": 1,
        "37": 1,
        "38": 1,
        "39": 1,
        "40": 1,
        "41": 1,
        "42": 1,
        "43": 1,
        "44": 1,
        "45": 1,
        "46": 1,
        "47": 1,
        "48": 1,
        "49": 1,
        "50": 1,
        "51": 30,
        "52": 1,
        "53": 1,
        "54": 1,
        "55": 1,
        "56": 1,
        "57": 1
    }
}