{
    "0294c49df60150bd9b363af5cfbc312222c12c69": {
        "0": 2218,
        "1": 3,
        "2": 1,
        "3": 1,
        "4": 1,
        "5": 1,
        "6": 1,
        "7": 1,
        "8": 1,
        "9": 2,
        "10": 2,
        "11": 1
    },
    "0f6dfeeacbab65a31a33927a4eb84871d371fe52": {
        "0": 1055,
        "1": 3,
        "2": 1,
        "3": 1,
        "4": 3,
        "5": 1,
        "6": 1,
        "7": 1,
        "8": 1,
        "9": 1,
        "10": 1,
        "11": 1
    },
    "13052a341fdca860e1bbb000bc0a9d00b840d948": {
        "0": 1645,
        "1": 3,
        "2": 1,
        "3": 1,
        "4": 1,
        "5": 1,
        "6": 1,
        "7": 30,
        "8": 1,
        "9": 1,
        "10": 1,
        "11": 1
    },
    "14b97a91d9a7d721bd1dc276640dcf9c99af188e": {
        "0": 1055,
        "1": 3,
        "2": 1,
        "3": 1,
        "4": 1,
        "5": 3,
        "6": 1,
        "7": 1,
        "8": 1,
        "9": 1,
        "10": 1,
        "11": 1
    },
    "21d921ac23ad0da035cb6db11a1a2d585790b247": {
        "0": 1656,
        "1": 3,
        "2": 1,
        "3": 1,
        "4": 1,
        "5": 1,
        "6": 1,
        "7": 30,
        "8": 1,
        "9": 1,
        "10": 1,
        "11": 1
    },
    "228742acad6b56c0e4fafe285099fcdfa5b6e47f": {
        "0": 1550,
        "1": 3,
        "2": 1,
        "3": 1,
        "4": 1,
        "5": 1,
        "6": 1,
        "7": 1,
        "8": 30,
        "9": 1,
        "10": 1,
        "11": 1
    },
    "4a4868e52360d7543909a7981b4606db939230ea": {
        "0": 1610,
        "1": 3,
        "2": 1,
        "3": 1,
        "4": 1,
        "5": 1,
        "6": 1,
        "7": 30,
        "8": 1,
        "9": 1,
        "10": 1,
        "11": 1
    },
    "5b1d594005293e8de7e58cd70cde88c9041107cf": {
        "0": 2604,
        "1": 3,
        "2": 3,
        "3": 3,
        "4": 1,
        "5": 1,
        "6": 2,
        "7": 1,
        "8": 1,
        "9": 1,
        "10": 1,
        "11": 1
    },
    "5bbca80428ffbe776650652de86a3bba885edb31": {
        "0": 2218,
        "1": 3,
        "2": 1,
        "3": 1,
        "4": 1,
        "5": 1,
        "6": 1,
        "7": 1,
        "8": 1,
        "9": 2,
        "10": 2,
        "11": 1
    },
    "6316e662791c3fe19ce43550a57ae4e9beac05ad": {
        "0": 1055,
        "1": 3,
        "2": 1,
        "3": 1,
        "4": 1,
        "5": 3,
        "6": 1,
        "7": 1,
        "8": 1,
        "9": 1,
        "10": 1,
        "11": 1
    },
    "6ba8fd7e8e038351fc14f6096ea2216ce2abe918": {
        "0": 1838,
        "1": 3,
        "2": 1,
        "3": 1,
        "4": 1,
        "5": 30,
        "6": 1,
        "7": 1,
        "8": 1,
        "9": 1,
        "10": 1,
        "11": 1
    },
    "783e4805e7ef46da6095e0375fe8dd5e9cd26e85": {
        "0": 2604,
        "1": 3,
        "2": 3,
        "3": 3,
        "4": 1,
        "5": 1,
        "6": 2,
        "7": 1,
        "8": 1,
        "9": 1,
        "10": 1,
        "11": 1
    },
    "81bc395deb3ba00567dc067d6ca71bacf9e3bc82": {
        "0": 1611,
        "1": 3,
        "2": 1,
        "3": 1,
        "4": 1,
        "5": 1,
        "6": 1,
        "7": 30,
        "8": 1,
        "9": 1,
        "10": 1,
        "11": 1
    },
    "a0f120ce68dddb0cb31b64c89f3224313f3cb5af": {
        "0": 1059,
        "1": 3,
        "2": 1,
        "3": 1,
        "4": 1,
        "5": 3,
        "6": 1,
        "7": 1,
        "8": 1,
        "9": 1,
        "10": 1,
        "11": 1
    },
    "acd3ab521f957929c2acf7868e7c17e9088fa1b4": {
        "0": 1056,
        "1": 3,
        "2": 1,
        "3": 1,
        "4": 1,
        "5": 3,
        "6": 1,
        "7": 1,
        "8": 1,
        "9": 1,
        "10": 1,
        "11": 1
    },
    "b214bbd2d92a0c02b71d352dba85f3b87317933c": {
        "0": 2427,
        "1": 3,
        "2": 3,
        "3": 3,
        "4": 3,
        "5": 1,
        "6": 1,
        "7": 1,
        "8": 1,
        "9": 2,
        "10": 2,
        "11": 1
    },
    "b77bc477b5619e8fef8ed02da6042ea0d0c2de4d": {
        "0": 1055,
        "1": 3,
        "2": 1,
        "3": 1,
        "4": 1,
        "5": 3,
        "6": 1,
        "7": 1,
        "8": 1,
        "9": 1,
        "10": 1,
        "11": 1
    },
    "cd894ca890e57c20ea8ec4578ae52248b555fcc0": {
        "0": 1645,
        "1": 3,
        "2": 1,
        "3": 1,
        "4": 1,
        "5": 1,
        "6": 1,
        "7": 30,
        "8": 1,
        "9": 1,
        "10": 1,
        "11": 1
    },
    "da4ba50269254456650c08c739f2b394d1182ee4": {
        "0": 1761,
        "1": 3,
        "2": 1,
        "3": 1,
        "4": 1,
        "5": 1,
        "6": 1,
        "7": 30,
        "8": 1,
        "9": 1,
        "10": 1,
        "11": 1
    },
    "ddc3f5d10532e487bee16a52c4d33e45000a06c2": {
        "0": 1055,
        "1": 3,
        "2": 1,
        "3": 1,
        "4": 3,
        "5": 1,
        "6": 1,
        "7": 1,
        "8": 1,
        "9": 1,
        "10": 1,
        "11": 1
    },
    "eaf2f6137feb2ff8f8b1e9b94d3545f4fba8101c": {
        "0": 1663,
        "1": 3,
        "2": 1,
        "3": 1,
        "4": 1,
        "5": 1,
        "6": 1,
        "7": 30,
        "8": 1,
        "9": 1,
        "10": 1,
        "11": 1
    },
    "f64fda0f00b22793a9c5ea10f9d73ef33fa2b563": {
        "0": 2610,
        "1": 3,
        "2": 3,
        "3": 3,
        "4": 1,
        "5": 1,
        "6": 2,
        "7": 1,
        "8": 1,
        "9": 1,
        "10": 1,
        "11": 1
    }
}