{
    "0294c49df60150bd9b363af5cfbc312222c12c69": {
        "org.apache.hadoop.http.ss": 22,
        "org.apache.hadoop.security.http.ss": 5,
        "org.apache.hadoop.io.ss": 173,
        "org.apache.hadoop.util.ss": 143,
        "org.apache.hadoop.ha.ss": 68,
        "org.apache.hadoop.ipc.ss": 125,
        "org.apache.hadoop.util.curator.ss": 9,
        "org.apache.hadoop.metrics2.sink.ss": 10,
        "org.apache.hadoop.security.ss": 87,
        "org.apache.hadoop.ha.proto.ss": 73,
        "org.apache.hadoop.ipc.protobuf.ss": 69,
        "org.apache.hadoop.fs.ss": 233,
        "org.apache.hadoop.io.serializer.ss": 13,
        "org.apache.hadoop.metrics2.lib.ss": 52,
        "org.apache.hadoop.fs.sftp.ss": 5,
        "org.apache.hadoop.http.lib.ss": 4,
        "org.apache.hadoop.service.ss": 12,
        "org.apache.hadoop.fs.crypto.ss": 5,
        "org.apache.hadoop.metrics2.sink.ganglia.ss": 9,
        "org.apache.hadoop.crypto.key.kms.ss": 62,
        "org.apache.hadoop.io.compress.bzip2.ss": 16,
        "org.apache.hadoop.net.ss": 28,
        "org.apache.hadoop.io.compress.zlib.ss": 13,
        "org.apache.hadoop.metrics2.impl.ss": 54,
        "org.apache.hadoop.conf.ss": 56,
        "org.apache.hadoop.tracing.ss": 59,
        "org.apache.hadoop.security.proto.ss": 86,
        "org.apache.hadoop.security.alias.ss": 24,
        "org.apache.hadoop.ha.protocolPB.ss": 5,
        "org.apache.hadoop.io.compress.ss": 21,
        "org.apache.hadoop.io.retry.ss": 45,
        "org.apache.hadoop.metrics2.util.ss": 7,
        "org.apache.hadoop.ipc.proto.ss": 44,
        "org.apache.hadoop.security.token.delegation.web.ss": 35,
        "org.apache.hadoop.tools.proto.ss": 20,
        "org.apache.hadoop.fs.shell.ss": 111,
        "org.apache.hadoop.crypto.key.ss": 29,
        "org.apache.hadoop.security.authorize.ss": 11,
        "org.apache.hadoop.log.metrics.ss": 4,
        "org.apache.hadoop.net.unix.ss": 12,
        "org.apache.hadoop.crypto.ss": 15,
        "org.apache.hadoop.log.ss": 6,
        "org.apache.hadoop.fs.shell.find.ss": 17,
        "org.apache.hadoop.util.hash.ss": 3,
        "org.apache.hadoop.io.erasurecode.codec.ss": 34,
        "org.apache.hadoop.fs.local.ss": 3,
        "org.apache.hadoop.util.bloom.ss": 2,
        "org.apache.hadoop.io.erasurecode.rawcoder.ss": 14,
        "org.apache.hadoop.security.token.ss": 18,
        "org.apache.hadoop.fs.http.ss": 3,
        "org.apache.hadoop.io.file.tfile.ss": 66,
        "org.apache.hadoop.metrics2.ss": 2,
        "org.apache.hadoop.fs.protocolPB.ss": 3,
        "org.apache.hadoop.fs.permission.ss": 9,
        "org.apache.hadoop.io.serializer.avro.ss": 8,
        "org.apache.hadoop.security.ssl.ss": 13,
        "org.apache.hadoop.service.launcher.ss": 17,
        "org.apache.hadoop.fs.ftp.ss": 6,
        "org.apache.hadoop.io.nativeio.ss": 12,
        "org.apache.hadoop.metrics2.source.ss": 4,
        "org.apache.hadoop.io.erasurecode.ss": 35,
        "org.apache.hadoop.security.token.delegation.ss": 11,
        "org.apache.hadoop.fs.viewfs.ss": 69,
        "org.apache.hadoop.util.concurrent.ss": 4
    },
    "0f6dfeeacbab65a31a33927a4eb84871d371fe52": {
        "org.apache.hadoop.http.ss": 10,
        "org.apache.hadoop.util.ss": 52,
        "org.apache.hadoop.io.ss": 140,
        "org.apache.hadoop.fs.ss": 127,
        "org.apache.hadoop.security.ss": 42,
        "org.apache.hadoop.record.ss": 19,
        "org.apache.hadoop.io.serializer.ss": 13,
        "org.apache.hadoop.http.lib.ss": 6,
        "org.apache.hadoop.conf.ss": 13,
        "org.apache.hadoop.metrics2.lib.ss": 38,
        "org.apache.hadoop.metrics.spi.ss": 13,
        "org.apache.hadoop.net.ss": 17,
        "org.apache.hadoop.io.compress.bzip2.ss": 11,
        "org.apache.hadoop.fs.shell.ss": 70,
        "org.apache.hadoop.io.compress.zlib.ss": 12,
        "org.apache.hadoop.io.retry.ss": 20,
        "org.apache.hadoop.metrics2.sink.ganglia.ss": 10,
        "org.apache.hadoop.ipc.ss": 59,
        "org.apache.hadoop.metrics.ganglia.ss": 3,
        "org.apache.hadoop.metrics2.impl.ss": 53,
        "org.apache.hadoop.record.compiler.ss": 50,
        "org.apache.hadoop.fs.s3.ss": 16,
        "org.apache.hadoop.io.compress.ss": 17,
        "org.apache.hadoop.record.compiler.ant.ss": 46,
        "org.apache.hadoop.metrics.ss": 4,
        "org.apache.hadoop.security.authorize.ss": 7,
        "org.apache.hadoop.security.token.ss": 2,
        "org.apache.hadoop.util.hash.ss": 3,
        "org.apache.hadoop.log.metrics.ss": 4,
        "org.apache.hadoop.metrics.util.ss": 14,
        "org.apache.hadoop.tools.ss": 2,
        "org.apache.hadoop.fs.local.ss": 3,
        "org.apache.hadoop.util.bloom.ss": 2,
        "org.apache.hadoop.metrics2.util.ss": 3,
        "org.apache.hadoop.metrics.jvm.ss": 2,
        "org.apache.hadoop.io.file.tfile.ss": 66,
        "org.apache.hadoop.metrics2.ss": 2,
        "org.apache.hadoop.fs.permission.ss": 8,
        "org.apache.hadoop.io.serializer.avro.ss": 8,
        "org.apache.hadoop.fs.ftp.ss": 7,
        "org.apache.hadoop.record.meta.ss": 9,
        "org.apache.hadoop.metrics2.source.ss": 4,
        "org.apache.hadoop.fs.kfs.ss": 5,
        "org.apache.hadoop.security.token.delegation.ss": 8,
        "org.apache.hadoop.fs.viewfs.ss": 31,
        "org.apache.hadoop.fs.s3native.ss": 13,
        "orphanContainer.ss": 4,
        "org.apache.hadoop.log.ss": 2
    },
    "13052a341fdca860e1bbb000bc0a9d00b840d948": {
        "org.apache.hadoop.http.ss": 18,
        "org.apache.hadoop.ipc.ss": 86,
        "org.apache.hadoop.io.ss": 201,
        "org.apache.hadoop.ha.ss": 64,
        "org.apache.hadoop.util.ss": 115,
        "org.apache.hadoop.ha.proto.ss": 73,
        "org.apache.hadoop.ipc.protobuf.ss": 65,
        "org.apache.hadoop.fs.ss": 175,
        "org.apache.hadoop.metrics2.lib.ss": 41,
        "org.apache.hadoop.metrics.spi.ss": 13,
        "org.apache.hadoop.http.lib.ss": 4,
        "org.apache.hadoop.io.serializer.ss": 13,
        "org.apache.hadoop.service.ss": 12,
        "org.apache.hadoop.net.ss": 28,
        "org.apache.hadoop.conf.ss": 27,
        "org.apache.hadoop.security.ss": 73,
        "org.apache.hadoop.fs.shell.ss": 101,
        "org.apache.hadoop.metrics2.impl.ss": 54,
        "org.apache.hadoop.metrics2.sink.ganglia.ss": 10,
        "org.apache.hadoop.io.compress.bzip2.ss": 16,
        "org.apache.hadoop.io.compress.zlib.ss": 13,
        "org.apache.hadoop.metrics2.util.ss": 6,
        "org.apache.hadoop.metrics.ganglia.ss": 3,
        "org.apache.hadoop.security.proto.ss": 78,
        "org.apache.hadoop.io.retry.ss": 30,
        "org.apache.hadoop.crypto.key.ss": 15,
        "org.apache.hadoop.tools.proto.ss": 20,
        "org.apache.hadoop.io.compress.ss": 11,
        "org.apache.hadoop.ipc.proto.ss": 44,
        "org.apache.hadoop.ha.protocolPB.ss": 5,
        "org.apache.hadoop.fs.s3.ss": 16,
        "org.apache.hadoop.metrics.ss": 4,
        "org.apache.hadoop.security.authorize.ss": 12,
        "org.apache.hadoop.metrics.util.ss": 14,
        "org.apache.hadoop.net.unix.ss": 11,
        "org.apache.hadoop.log.metrics.ss": 4,
        "org.apache.hadoop.fs.permission.ss": 11,
        "org.apache.hadoop.util.hash.ss": 3,
        "org.apache.hadoop.fs.local.ss": 3,
        "org.apache.hadoop.util.bloom.ss": 2,
        "org.apache.hadoop.security.token.ss": 6,
        "org.apache.hadoop.metrics.jvm.ss": 2,
        "org.apache.hadoop.io.file.tfile.ss": 65,
        "org.apache.hadoop.metrics2.ss": 2,
        "org.apache.hadoop.io.serializer.avro.ss": 8,
        "org.apache.hadoop.security.ssl.ss": 15,
        "org.apache.hadoop.fs.ftp.ss": 6,
        "org.apache.hadoop.io.nativeio.ss": 12,
        "org.apache.hadoop.metrics2.source.ss": 4,
        "org.apache.hadoop.fs.viewfs.ss": 35,
        "org.apache.hadoop.security.token.delegation.ss": 9,
        "org.apache.hadoop.crypto.key.kms.ss": 14,
        "org.apache.hadoop.fs.s3native.ss": 13,
        "org.apache.hadoop.log.ss": 2
    },
    "14b97a91d9a7d721bd1dc276640dcf9c99af188e": {
        "org.apache.hadoop.http.ss": 10,
        "org.apache.hadoop.io.ss": 142,
        "org.apache.hadoop.util.ss": 50,
        "org.apache.hadoop.fs.ss": 127,
        "org.apache.hadoop.security.ss": 44,
        "org.apache.hadoop.io.serializer.ss": 13,
        "org.apache.hadoop.metrics2.lib.ss": 38,
        "org.apache.hadoop.http.lib.ss": 4,
        "org.apache.hadoop.conf.ss": 13,
        "org.apache.hadoop.metrics.spi.ss": 13,
        "org.apache.hadoop.record.ss": 19,
        "org.apache.hadoop.metrics.ganglia.ss": 3,
        "org.apache.hadoop.io.compress.bzip2.ss": 11,
        "org.apache.hadoop.fs.shell.ss": 70,
        "org.apache.hadoop.ipc.ss": 59,
        "org.apache.hadoop.io.retry.ss": 20,
        "org.apache.hadoop.metrics2.sink.ganglia.ss": 10,
        "org.apache.hadoop.net.ss": 17,
        "org.apache.hadoop.io.compress.zlib.ss": 12,
        "org.apache.hadoop.metrics2.impl.ss": 53,
        "org.apache.hadoop.record.compiler.ant.ss": 46,
        "org.apache.hadoop.fs.s3.ss": 16,
        "org.apache.hadoop.record.compiler.ss": 50,
        "org.apache.hadoop.io.compress.ss": 17,
        "org.apache.hadoop.metrics.ss": 4,
        "org.apache.hadoop.security.authorize.ss": 7,
        "org.apache.hadoop.util.hash.ss": 3,
        "org.apache.hadoop.metrics.util.ss": 14,
        "org.apache.hadoop.tools.ss": 2,
        "org.apache.hadoop.security.token.ss": 2,
        "org.apache.hadoop.log.metrics.ss": 4,
        "org.apache.hadoop.fs.local.ss": 3,
        "org.apache.hadoop.util.bloom.ss": 2,
        "org.apache.hadoop.metrics.jvm.ss": 2,
        "org.apache.hadoop.metrics2.util.ss": 3,
        "org.apache.hadoop.metrics2.ss": 2,
        "org.apache.hadoop.io.file.tfile.ss": 66,
        "org.apache.hadoop.fs.permission.ss": 8,
        "org.apache.hadoop.io.serializer.avro.ss": 8,
        "org.apache.hadoop.fs.ftp.ss": 7,
        "org.apache.hadoop.record.meta.ss": 9,
        "org.apache.hadoop.metrics2.source.ss": 4,
        "org.apache.hadoop.fs.kfs.ss": 5,
        "org.apache.hadoop.security.token.delegation.ss": 8,
        "org.apache.hadoop.fs.viewfs.ss": 31,
        "org.apache.hadoop.fs.s3native.ss": 13,
        "orphanContainer.ss": 4,
        "org.apache.hadoop.log.ss": 2
    },
    "21d921ac23ad0da035cb6db11a1a2d585790b247": {
        "org.apache.hadoop.ha.ss": 60,
        "org.apache.hadoop.http.ss": 18,
        "org.apache.hadoop.io.ss": 157,
        "org.apache.hadoop.util.ss": 117,
        "org.apache.hadoop.fs.ss": 159,
        "org.apache.hadoop.ipc.ss": 80,
        "org.apache.hadoop.ha.proto.ss": 73,
        "org.apache.hadoop.ipc.protobuf.ss": 65,
        "org.apache.hadoop.metrics2.lib.ss": 41,
        "org.apache.hadoop.service.ss": 12,
        "org.apache.hadoop.io.serializer.ss": 13,
        "org.apache.hadoop.record.ss": 19,
        "org.apache.hadoop.http.lib.ss": 4,
        "org.apache.hadoop.metrics.spi.ss": 13,
        "org.apache.hadoop.conf.ss": 27,
        "org.apache.hadoop.metrics2.impl.ss": 53,
        "org.apache.hadoop.net.ss": 24,
        "org.apache.hadoop.metrics2.util.ss": 6,
        "org.apache.hadoop.metrics2.sink.ganglia.ss": 10,
        "org.apache.hadoop.fs.shell.ss": 90,
        "org.apache.hadoop.io.compress.bzip2.ss": 16,
        "org.apache.hadoop.metrics.ganglia.ss": 3,
        "org.apache.hadoop.io.compress.zlib.ss": 13,
        "org.apache.hadoop.security.ss": 73,
        "org.apache.hadoop.fs.s3.ss": 16,
        "org.apache.hadoop.ipc.proto.ss": 20,
        "org.apache.hadoop.security.proto.ss": 78,
        "org.apache.hadoop.record.compiler.ss": 50,
        "org.apache.hadoop.io.retry.ss": 30,
        "org.apache.hadoop.ha.protocolPB.ss": 7,
        "org.apache.hadoop.tools.proto.ss": 20,
        "org.apache.hadoop.record.compiler.ant.ss": 53,
        "org.apache.hadoop.crypto.key.ss": 19,
        "org.apache.hadoop.io.compress.ss": 11,
        "org.apache.hadoop.metrics.ss": 4,
        "org.apache.hadoop.security.authorize.ss": 6,
        "org.apache.hadoop.net.unix.ss": 11,
        "org.apache.hadoop.util.hash.ss": 3,
        "org.apache.hadoop.fs.permission.ss": 11,
        "org.apache.hadoop.metrics.util.ss": 14,
        "org.apache.hadoop.log.metrics.ss": 4,
        "org.apache.hadoop.util.bloom.ss": 2,
        "org.apache.hadoop.fs.local.ss": 3,
        "org.apache.hadoop.security.token.ss": 6,
        "org.apache.hadoop.security.ssl.ss": 15,
        "org.apache.hadoop.metrics.jvm.ss": 2,
        "org.apache.hadoop.metrics2.ss": 2,
        "org.apache.hadoop.io.file.tfile.ss": 65,
        "org.apache.hadoop.io.serializer.avro.ss": 8,
        "org.apache.hadoop.fs.ftp.ss": 6,
        "org.apache.hadoop.record.meta.ss": 9,
        "org.apache.hadoop.io.nativeio.ss": 12,
        "org.apache.hadoop.metrics2.source.ss": 4,
        "org.apache.hadoop.fs.viewfs.ss": 38,
        "org.apache.hadoop.security.token.delegation.ss": 8,
        "org.apache.hadoop.fs.s3native.ss": 13,
        "org.apache.hadoop.log.ss": 2
    },
    "228742acad6b56c0e4fafe285099fcdfa5b6e47f": {
        "org.apache.hadoop.io.ss": 155,
        "org.apache.hadoop.util.ss": 94,
        "org.apache.hadoop.ha.ss": 65,
        "org.apache.hadoop.http.ss": 12,
        "org.apache.hadoop.fs.ss": 142,
        "org.apache.hadoop.ipc.ss": 77,
        "org.apache.hadoop.ha.proto.ss": 73,
        "org.apache.hadoop.ipc.protobuf.ss": 65,
        "org.apache.hadoop.metrics2.lib.ss": 40,
        "org.apache.hadoop.record.ss": 19,
        "org.apache.hadoop.io.serializer.ss": 13,
        "org.apache.hadoop.service.ss": 12,
        "org.apache.hadoop.http.lib.ss": 4,
        "org.apache.hadoop.metrics.spi.ss": 13,
        "org.apache.hadoop.net.ss": 24,
        "org.apache.hadoop.security.ss": 78,
        "org.apache.hadoop.conf.ss": 25,
        "org.apache.hadoop.io.compress.zlib.ss": 12,
        "org.apache.hadoop.io.compress.bzip2.ss": 16,
        "org.apache.hadoop.metrics2.sink.ganglia.ss": 10,
        "org.apache.hadoop.metrics.ganglia.ss": 3,
        "org.apache.hadoop.metrics2.util.ss": 6,
        "org.apache.hadoop.fs.shell.ss": 84,
        "org.apache.hadoop.metrics2.impl.ss": 53,
        "org.apache.hadoop.ha.protocolPB.ss": 7,
        "org.apache.hadoop.record.compiler.ss": 50,
        "org.apache.hadoop.io.retry.ss": 32,
        "org.apache.hadoop.security.proto.ss": 78,
        "org.apache.hadoop.fs.s3.ss": 16,
        "org.apache.hadoop.tools.proto.ss": 20,
        "org.apache.hadoop.io.compress.ss": 11,
        "org.apache.hadoop.record.compiler.ant.ss": 49,
        "org.apache.hadoop.metrics.ss": 4,
        "org.apache.hadoop.security.authorize.ss": 6,
        "org.apache.hadoop.net.unix.ss": 5,
        "org.apache.hadoop.metrics.util.ss": 14,
        "org.apache.hadoop.log.metrics.ss": 4,
        "org.apache.hadoop.util.hash.ss": 3,
        "org.apache.hadoop.security.token.ss": 5,
        "org.apache.hadoop.fs.local.ss": 3,
        "org.apache.hadoop.util.bloom.ss": 2,
        "org.apache.hadoop.metrics.jvm.ss": 2,
        "org.apache.hadoop.metrics2.ss": 2,
        "org.apache.hadoop.io.file.tfile.ss": 65,
        "org.apache.hadoop.security.ssl.ss": 15,
        "org.apache.hadoop.fs.ftp.ss": 7,
        "org.apache.hadoop.fs.permission.ss": 9,
        "org.apache.hadoop.io.serializer.avro.ss": 8,
        "org.apache.hadoop.io.nativeio.ss": 11,
        "org.apache.hadoop.record.meta.ss": 9,
        "org.apache.hadoop.metrics2.source.ss": 4,
        "org.apache.hadoop.fs.viewfs.ss": 34,
        "org.apache.hadoop.security.token.delegation.ss": 7,
        "org.apache.hadoop.fs.s3native.ss": 13,
        "org.apache.hadoop.log.ss": 2
    },
    "4a4868e52360d7543909a7981b4606db939230ea": {
        "org.apache.hadoop.http.ss": 18,
        "org.apache.hadoop.io.ss": 200,
        "org.apache.hadoop.util.ss": 115,
        "org.apache.hadoop.ha.ss": 64,
        "org.apache.hadoop.ipc.protobuf.ss": 65,
        "org.apache.hadoop.ha.proto.ss": 73,
        "org.apache.hadoop.fs.ss": 171,
        "org.apache.hadoop.ipc.ss": 82,
        "org.apache.hadoop.metrics2.lib.ss": 41,
        "org.apache.hadoop.io.serializer.ss": 13,
        "org.apache.hadoop.service.ss": 12,
        "org.apache.hadoop.http.lib.ss": 4,
        "org.apache.hadoop.metrics.spi.ss": 13,
        "org.apache.hadoop.net.ss": 28,
        "org.apache.hadoop.metrics2.impl.ss": 53,
        "org.apache.hadoop.io.compress.zlib.ss": 13,
        "org.apache.hadoop.conf.ss": 27,
        "org.apache.hadoop.metrics2.util.ss": 6,
        "org.apache.hadoop.metrics.ganglia.ss": 3,
        "org.apache.hadoop.metrics2.sink.ganglia.ss": 10,
        "org.apache.hadoop.fs.shell.ss": 100,
        "org.apache.hadoop.io.compress.bzip2.ss": 16,
        "org.apache.hadoop.security.ss": 73,
        "org.apache.hadoop.fs.s3.ss": 16,
        "org.apache.hadoop.ha.protocolPB.ss": 5,
        "org.apache.hadoop.crypto.key.ss": 15,
        "org.apache.hadoop.security.proto.ss": 78,
        "org.apache.hadoop.io.retry.ss": 30,
        "org.apache.hadoop.ipc.proto.ss": 20,
        "org.apache.hadoop.tools.proto.ss": 20,
        "org.apache.hadoop.io.compress.ss": 11,
        "org.apache.hadoop.metrics.ss": 4,
        "org.apache.hadoop.security.authorize.ss": 12,
        "org.apache.hadoop.log.metrics.ss": 4,
        "org.apache.hadoop.util.hash.ss": 3,
        "org.apache.hadoop.fs.permission.ss": 11,
        "org.apache.hadoop.metrics.util.ss": 14,
        "org.apache.hadoop.net.unix.ss": 11,
        "org.apache.hadoop.fs.local.ss": 3,
        "org.apache.hadoop.util.bloom.ss": 2,
        "org.apache.hadoop.metrics.jvm.ss": 2,
        "org.apache.hadoop.security.token.ss": 6,
        "org.apache.hadoop.io.file.tfile.ss": 65,
        "org.apache.hadoop.metrics2.ss": 2,
        "org.apache.hadoop.io.serializer.avro.ss": 8,
        "org.apache.hadoop.fs.ftp.ss": 6,
        "org.apache.hadoop.security.ssl.ss": 15,
        "org.apache.hadoop.io.nativeio.ss": 12,
        "org.apache.hadoop.metrics2.source.ss": 4,
        "org.apache.hadoop.fs.viewfs.ss": 35,
        "org.apache.hadoop.security.token.delegation.ss": 9,
        "org.apache.hadoop.crypto.key.kms.ss": 14,
        "org.apache.hadoop.fs.s3native.ss": 13,
        "org.apache.hadoop.log.ss": 2
    },
    "5b1d594005293e8de7e58cd70cde88c9041107cf": {
        "org.apache.hadoop.util.curator.ss": 2,
        "org.apache.hadoop.http.ss": 35,
        "org.apache.hadoop.ha.ss": 61,
        "org.apache.hadoop.ipc.ss": 142,
        "org.apache.hadoop.security.http.ss": 5,
        "org.apache.hadoop.util.ss": 164,
        "org.apache.hadoop.metrics2.sink.ss": 10,
        "org.apache.hadoop.security.ssl.ss": 18,
        "org.apache.hadoop.io.ss": 167,
        "org.apache.hadoop.fs.ss": 324,
        "org.apache.hadoop.security.authentication.server.ss": 4,
        "org.apache.hadoop.util.concurrent.ss": 6,
        "org.apache.hadoop.security.ss": 123,
        "org.apache.hadoop.fs.viewfs.ss": 60,
        "org.apache.hadoop.fs.statistics.impl.ss": 26,
        "org.apache.hadoop.service.ss": 12,
        "org.apache.hadoop.fs.sftp.ss": 6,
        "org.apache.hadoop.io.serializer.ss": 13,
        "org.apache.hadoop.fs.crypto.ss": 4,
        "org.apache.hadoop.fs.store.audit.ss": 5,
        "org.apache.hadoop.http.lib.ss": 4,
        "org.apache.hadoop.conf.ss": 40,
        "org.apache.hadoop.metrics2.impl.ss": 50,
        "org.apache.hadoop.metrics2.sink.ganglia.ss": 9,
        "org.apache.hadoop.net.ss": 27,
        "org.apache.hadoop.metrics2.lib.ss": 52,
        "org.apache.hadoop.io.compress.bzip2.ss": 16,
        "org.apache.hadoop.crypto.key.kms.ss": 64,
        "org.apache.hadoop.ha.protocolPB.ss": 10,
        "org.apache.hadoop.fs.shell.ss": 190,
        "org.apache.hadoop.security.alias.ss": 33,
        "org.apache.hadoop.ipc.protobuf.ss": 89,
        "org.apache.hadoop.io.retry.ss": 49,
        "org.apache.hadoop.security.token.delegation.web.ss": 35,
        "org.apache.hadoop.crypto.key.ss": 31,
        "org.apache.hadoop.tracing.ss": 81,
        "org.apache.hadoop.log.ss": 11,
        "org.apache.hadoop.security.authorize.ss": 11,
        "org.apache.hadoop.io.erasurecode.rawcoder.ss": 16,
        "org.apache.hadoop.fs.impl.ss": 25,
        "org.apache.hadoop.fs.store.ss": 16,
        "org.apache.hadoop.io.compress.ss": 35,
        "org.apache.hadoop.fs.shell.find.ss": 17,
        "org.apache.hadoop.fs.audit.ss": 3,
        "org.apache.hadoop.crypto.ss": 6,
        "org.apache.hadoop.util.hash.ss": 3,
        "org.apache.hadoop.fs.local.ss": 3,
        "org.apache.hadoop.util.bloom.ss": 2,
        "org.apache.hadoop.net.unix.ss": 13,
        "org.apache.hadoop.io.erasurecode.codec.ss": 35,
        "org.apache.hadoop.ha.proto.ss": 81,
        "org.apache.hadoop.security.token.ss": 20,
        "org.apache.hadoop.metrics2.util.ss": 8,
        "org.apache.hadoop.io.file.tfile.ss": 66,
        "org.apache.hadoop.fs.http.ss": 3,
        "org.apache.hadoop.metrics2.ss": 2,
        "org.apache.hadoop.fs.statistics.ss": 12,
        "org.apache.hadoop.io.serializer.avro.ss": 8,
        "org.apache.hadoop.fs.permission.ss": 9,
        "org.apache.hadoop.fs.ftp.ss": 6,
        "org.apache.hadoop.fs.protocolPB.ss": 3,
        "org.apache.hadoop.io.compress.zlib.ss": 10,
        "org.apache.hadoop.service.launcher.ss": 17,
        "org.apache.hadoop.io.erasurecode.ss": 21,
        "org.apache.hadoop.io.nativeio.ss": 17,
        "org.apache.hadoop.util.functional.ss": 13,
        "org.apache.hadoop.security.token.delegation.ss": 12,
        "org.apache.hadoop.metrics2.source.ss": 4,
        "org.apache.hadoop.ipc.proto.ss": 43,
        "org.apache.hadoop.security.proto.ss": 83,
        "org.apache.hadoop.tools.proto.ss": 21
    },
    "5bbca80428ffbe776650652de86a3bba885edb31": {
        "org.apache.hadoop.http.ss": 22,
        "org.apache.hadoop.security.http.ss": 5,
        "org.apache.hadoop.io.ss": 173,
        "org.apache.hadoop.util.ss": 143,
        "org.apache.hadoop.ha.ss": 68,
        "org.apache.hadoop.ipc.ss": 125,
        "org.apache.hadoop.util.curator.ss": 9,
        "org.apache.hadoop.metrics2.sink.ss": 10,
        "org.apache.hadoop.security.ss": 87,
        "org.apache.hadoop.ha.proto.ss": 73,
        "org.apache.hadoop.ipc.protobuf.ss": 69,
        "org.apache.hadoop.fs.ss": 233,
        "org.apache.hadoop.io.serializer.ss": 13,
        "org.apache.hadoop.metrics2.lib.ss": 52,
        "org.apache.hadoop.fs.sftp.ss": 5,
        "org.apache.hadoop.http.lib.ss": 4,
        "org.apache.hadoop.service.ss": 12,
        "org.apache.hadoop.fs.crypto.ss": 5,
        "org.apache.hadoop.metrics2.sink.ganglia.ss": 9,
        "org.apache.hadoop.crypto.key.kms.ss": 62,
        "org.apache.hadoop.io.compress.bzip2.ss": 16,
        "org.apache.hadoop.net.ss": 28,
        "org.apache.hadoop.io.compress.zlib.ss": 13,
        "org.apache.hadoop.metrics2.impl.ss": 54,
        "org.apache.hadoop.conf.ss": 56,
        "org.apache.hadoop.tracing.ss": 59,
        "org.apache.hadoop.security.proto.ss": 86,
        "org.apache.hadoop.security.alias.ss": 24,
        "org.apache.hadoop.ha.protocolPB.ss": 5,
        "org.apache.hadoop.io.compress.ss": 21,
        "org.apache.hadoop.io.retry.ss": 45,
        "org.apache.hadoop.metrics2.util.ss": 7,
        "org.apache.hadoop.ipc.proto.ss": 44,
        "org.apache.hadoop.security.token.delegation.web.ss": 35,
        "org.apache.hadoop.tools.proto.ss": 20,
        "org.apache.hadoop.fs.shell.ss": 111,
        "org.apache.hadoop.crypto.key.ss": 29,
        "org.apache.hadoop.security.authorize.ss": 11,
        "org.apache.hadoop.log.metrics.ss": 4,
        "org.apache.hadoop.net.unix.ss": 12,
        "org.apache.hadoop.crypto.ss": 15,
        "org.apache.hadoop.log.ss": 6,
        "org.apache.hadoop.fs.shell.find.ss": 17,
        "org.apache.hadoop.util.hash.ss": 3,
        "org.apache.hadoop.io.erasurecode.codec.ss": 34,
        "org.apache.hadoop.fs.local.ss": 3,
        "org.apache.hadoop.util.bloom.ss": 2,
        "org.apache.hadoop.io.erasurecode.rawcoder.ss": 14,
        "org.apache.hadoop.security.token.ss": 18,
        "org.apache.hadoop.fs.http.ss": 3,
        "org.apache.hadoop.io.file.tfile.ss": 66,
        "org.apache.hadoop.metrics2.ss": 2,
        "org.apache.hadoop.fs.protocolPB.ss": 3,
        "org.apache.hadoop.fs.permission.ss": 9,
        "org.apache.hadoop.io.serializer.avro.ss": 8,
        "org.apache.hadoop.security.ssl.ss": 13,
        "org.apache.hadoop.service.launcher.ss": 17,
        "org.apache.hadoop.fs.ftp.ss": 6,
        "org.apache.hadoop.io.nativeio.ss": 12,
        "org.apache.hadoop.metrics2.source.ss": 4,
        "org.apache.hadoop.io.erasurecode.ss": 35,
        "org.apache.hadoop.security.token.delegation.ss": 11,
        "org.apache.hadoop.fs.viewfs.ss": 69,
        "org.apache.hadoop.util.concurrent.ss": 4
    },
    "6316e662791c3fe19ce43550a57ae4e9beac05ad": {
        "org.apache.hadoop.http.ss": 10,
        "org.apache.hadoop.io.ss": 142,
        "org.apache.hadoop.util.ss": 50,
        "org.apache.hadoop.fs.ss": 127,
        "org.apache.hadoop.security.ss": 44,
        "org.apache.hadoop.io.serializer.ss": 13,
        "org.apache.hadoop.metrics2.lib.ss": 38,
        "org.apache.hadoop.http.lib.ss": 4,
        "org.apache.hadoop.conf.ss": 13,
        "org.apache.hadoop.metrics.spi.ss": 13,
        "org.apache.hadoop.record.ss": 19,
        "org.apache.hadoop.metrics.ganglia.ss": 3,
        "org.apache.hadoop.io.compress.bzip2.ss": 11,
        "org.apache.hadoop.fs.shell.ss": 70,
        "org.apache.hadoop.ipc.ss": 59,
        "org.apache.hadoop.io.retry.ss": 20,
        "org.apache.hadoop.metrics2.sink.ganglia.ss": 10,
        "org.apache.hadoop.net.ss": 17,
        "org.apache.hadoop.io.compress.zlib.ss": 12,
        "org.apache.hadoop.metrics2.impl.ss": 53,
        "org.apache.hadoop.record.compiler.ant.ss": 46,
        "org.apache.hadoop.fs.s3.ss": 16,
        "org.apache.hadoop.record.compiler.ss": 50,
        "org.apache.hadoop.io.compress.ss": 17,
        "org.apache.hadoop.metrics.ss": 4,
        "org.apache.hadoop.security.authorize.ss": 7,
        "org.apache.hadoop.util.hash.ss": 3,
        "org.apache.hadoop.metrics.util.ss": 14,
        "org.apache.hadoop.tools.ss": 2,
        "org.apache.hadoop.security.token.ss": 2,
        "org.apache.hadoop.log.metrics.ss": 4,
        "org.apache.hadoop.fs.local.ss": 3,
        "org.apache.hadoop.util.bloom.ss": 2,
        "org.apache.hadoop.metrics.jvm.ss": 2,
        "org.apache.hadoop.metrics2.util.ss": 3,
        "org.apache.hadoop.metrics2.ss": 2,
        "org.apache.hadoop.io.file.tfile.ss": 66,
        "org.apache.hadoop.fs.permission.ss": 8,
        "org.apache.hadoop.io.serializer.avro.ss": 8,
        "org.apache.hadoop.fs.ftp.ss": 7,
        "org.apache.hadoop.record.meta.ss": 9,
        "org.apache.hadoop.metrics2.source.ss": 4,
        "org.apache.hadoop.fs.kfs.ss": 5,
        "org.apache.hadoop.security.token.delegation.ss": 8,
        "org.apache.hadoop.fs.viewfs.ss": 31,
        "org.apache.hadoop.fs.s3native.ss": 13,
        "orphanContainer.ss": 4,
        "org.apache.hadoop.log.ss": 2
    },
    "6ba8fd7e8e038351fc14f6096ea2216ce2abe918": {
        "org.apache.hadoop.io.ss": 202,
        "org.apache.hadoop.ipc.ss": 101,
        "org.apache.hadoop.util.ss": 122,
        "org.apache.hadoop.http.ss": 19,
        "org.apache.hadoop.ha.ss": 65,
        "org.apache.hadoop.ha.proto.ss": 73,
        "org.apache.hadoop.security.ss": 75,
        "org.apache.hadoop.fs.ss": 179,
        "org.apache.hadoop.ipc.protobuf.ss": 67,
        "org.apache.hadoop.io.serializer.ss": 13,
        "org.apache.hadoop.metrics2.lib.ss": 41,
        "org.apache.hadoop.metrics.spi.ss": 13,
        "org.apache.hadoop.service.ss": 12,
        "org.apache.hadoop.http.lib.ss": 6,
        "org.apache.hadoop.fs.crypto.ss": 6,
        "org.apache.hadoop.conf.ss": 29,
        "org.apache.hadoop.metrics2.sink.ganglia.ss": 10,
        "org.apache.hadoop.metrics.ganglia.ss": 3,
        "org.apache.hadoop.fs.shell.ss": 96,
        "org.apache.hadoop.io.compress.bzip2.ss": 16,
        "org.apache.hadoop.metrics2.util.ss": 6,
        "org.apache.hadoop.io.compress.zlib.ss": 13,
        "org.apache.hadoop.net.ss": 27,
        "org.apache.hadoop.metrics2.impl.ss": 54,
        "org.apache.hadoop.ipc.proto.ss": 44,
        "org.apache.hadoop.security.proto.ss": 78,
        "org.apache.hadoop.tracing.ss": 60,
        "org.apache.hadoop.crypto.ss": 14,
        "org.apache.hadoop.crypto.key.ss": 36,
        "org.apache.hadoop.io.compress.ss": 12,
        "org.apache.hadoop.io.retry.ss": 28,
        "org.apache.hadoop.security.token.delegation.web.ss": 33,
        "org.apache.hadoop.security.alias.ss": 17,
        "org.apache.hadoop.tools.proto.ss": 20,
        "org.apache.hadoop.ha.protocolPB.ss": 5,
        "org.apache.hadoop.metrics.ss": 4,
        "org.apache.hadoop.security.authorize.ss": 11,
        "org.apache.hadoop.log.metrics.ss": 4,
        "org.apache.hadoop.util.hash.ss": 3,
        "org.apache.hadoop.fs.shell.find.ss": 17,
        "org.apache.hadoop.net.unix.ss": 11,
        "org.apache.hadoop.metrics.util.ss": 14,
        "org.apache.hadoop.util.bloom.ss": 2,
        "org.apache.hadoop.fs.local.ss": 3,
        "org.apache.hadoop.metrics.jvm.ss": 2,
        "org.apache.hadoop.crypto.key.kms.ss": 25,
        "org.apache.hadoop.security.token.ss": 6,
        "org.apache.hadoop.io.file.tfile.ss": 66,
        "org.apache.hadoop.metrics2.ss": 2,
        "org.apache.hadoop.fs.ftp.ss": 6,
        "org.apache.hadoop.fs.permission.ss": 8,
        "org.apache.hadoop.io.serializer.avro.ss": 8,
        "org.apache.hadoop.security.ssl.ss": 14,
        "org.apache.hadoop.io.nativeio.ss": 14,
        "org.apache.hadoop.metrics2.source.ss": 4,
        "org.apache.hadoop.security.token.delegation.ss": 13,
        "org.apache.hadoop.fs.viewfs.ss": 46,
        "org.apache.hadoop.log.ss": 2
    },
    "783e4805e7ef46da6095e0375fe8dd5e9cd26e85": {
        "org.apache.hadoop.util.curator.ss": 2,
        "org.apache.hadoop.http.ss": 35,
        "org.apache.hadoop.ha.ss": 61,
        "org.apache.hadoop.ipc.ss": 142,
        "org.apache.hadoop.security.http.ss": 5,
        "org.apache.hadoop.util.ss": 164,
        "org.apache.hadoop.metrics2.sink.ss": 10,
        "org.apache.hadoop.security.ssl.ss": 18,
        "org.apache.hadoop.io.ss": 167,
        "org.apache.hadoop.fs.ss": 324,
        "org.apache.hadoop.security.authentication.server.ss": 4,
        "org.apache.hadoop.util.concurrent.ss": 6,
        "org.apache.hadoop.security.ss": 123,
        "org.apache.hadoop.fs.viewfs.ss": 60,
        "org.apache.hadoop.fs.statistics.impl.ss": 26,
        "org.apache.hadoop.service.ss": 12,
        "org.apache.hadoop.fs.sftp.ss": 6,
        "org.apache.hadoop.io.serializer.ss": 13,
        "org.apache.hadoop.fs.crypto.ss": 4,
        "org.apache.hadoop.fs.store.audit.ss": 5,
        "org.apache.hadoop.http.lib.ss": 4,
        "org.apache.hadoop.conf.ss": 40,
        "org.apache.hadoop.metrics2.impl.ss": 50,
        "org.apache.hadoop.metrics2.sink.ganglia.ss": 9,
        "org.apache.hadoop.net.ss": 27,
        "org.apache.hadoop.metrics2.lib.ss": 52,
        "org.apache.hadoop.io.compress.bzip2.ss": 16,
        "org.apache.hadoop.crypto.key.kms.ss": 64,
        "org.apache.hadoop.ha.protocolPB.ss": 10,
        "org.apache.hadoop.fs.shell.ss": 190,
        "org.apache.hadoop.security.alias.ss": 33,
        "org.apache.hadoop.ipc.protobuf.ss": 89,
        "org.apache.hadoop.io.retry.ss": 49,
        "org.apache.hadoop.security.token.delegation.web.ss": 35,
        "org.apache.hadoop.crypto.key.ss": 31,
        "org.apache.hadoop.tracing.ss": 81,
        "org.apache.hadoop.log.ss": 11,
        "org.apache.hadoop.security.authorize.ss": 11,
        "org.apache.hadoop.io.erasurecode.rawcoder.ss": 16,
        "org.apache.hadoop.fs.impl.ss": 25,
        "org.apache.hadoop.fs.store.ss": 16,
        "org.apache.hadoop.io.compress.ss": 35,
        "org.apache.hadoop.fs.shell.find.ss": 17,
        "org.apache.hadoop.fs.audit.ss": 3,
        "org.apache.hadoop.crypto.ss": 6,
        "org.apache.hadoop.util.hash.ss": 3,
        "org.apache.hadoop.fs.local.ss": 3,
        "org.apache.hadoop.util.bloom.ss": 2,
        "org.apache.hadoop.net.unix.ss": 13,
        "org.apache.hadoop.io.erasurecode.codec.ss": 35,
        "org.apache.hadoop.ha.proto.ss": 81,
        "org.apache.hadoop.security.token.ss": 20,
        "org.apache.hadoop.metrics2.util.ss": 8,
        "org.apache.hadoop.io.file.tfile.ss": 66,
        "org.apache.hadoop.fs.http.ss": 3,
        "org.apache.hadoop.metrics2.ss": 2,
        "org.apache.hadoop.fs.statistics.ss": 12,
        "org.apache.hadoop.io.serializer.avro.ss": 8,
        "org.apache.hadoop.fs.permission.ss": 9,
        "org.apache.hadoop.fs.ftp.ss": 6,
        "org.apache.hadoop.fs.protocolPB.ss": 3,
        "org.apache.hadoop.io.compress.zlib.ss": 10,
        "org.apache.hadoop.service.launcher.ss": 17,
        "org.apache.hadoop.io.erasurecode.ss": 21,
        "org.apache.hadoop.io.nativeio.ss": 17,
        "org.apache.hadoop.util.functional.ss": 13,
        "org.apache.hadoop.security.token.delegation.ss": 12,
        "org.apache.hadoop.metrics2.source.ss": 4,
        "org.apache.hadoop.ipc.proto.ss": 43,
        "org.apache.hadoop.security.proto.ss": 83,
        "org.apache.hadoop.tools.proto.ss": 21
    },
    "81bc395deb3ba00567dc067d6ca71bacf9e3bc82": {
        "org.apache.hadoop.http.ss": 18,
        "org.apache.hadoop.util.ss": 115,
        "org.apache.hadoop.io.ss": 200,
        "org.apache.hadoop.ha.ss": 64,
        "org.apache.hadoop.ipc.protobuf.ss": 65,
        "org.apache.hadoop.ha.proto.ss": 73,
        "org.apache.hadoop.fs.ss": 171,
        "org.apache.hadoop.ipc.ss": 82,
        "org.apache.hadoop.metrics2.lib.ss": 41,
        "org.apache.hadoop.io.serializer.ss": 13,
        "org.apache.hadoop.service.ss": 12,
        "org.apache.hadoop.http.lib.ss": 4,
        "org.apache.hadoop.metrics.spi.ss": 13,
        "org.apache.hadoop.metrics2.impl.ss": 54,
        "org.apache.hadoop.io.compress.zlib.ss": 13,
        "org.apache.hadoop.conf.ss": 27,
        "org.apache.hadoop.metrics2.util.ss": 6,
        "org.apache.hadoop.metrics.ganglia.ss": 3,
        "org.apache.hadoop.security.ss": 73,
        "org.apache.hadoop.fs.shell.ss": 100,
        "org.apache.hadoop.net.ss": 28,
        "org.apache.hadoop.io.compress.bzip2.ss": 16,
        "org.apache.hadoop.metrics2.sink.ganglia.ss": 10,
        "org.apache.hadoop.fs.s3.ss": 16,
        "org.apache.hadoop.ha.protocolPB.ss": 5,
        "org.apache.hadoop.security.proto.ss": 78,
        "org.apache.hadoop.crypto.key.ss": 15,
        "org.apache.hadoop.io.retry.ss": 30,
        "org.apache.hadoop.tools.proto.ss": 20,
        "org.apache.hadoop.ipc.proto.ss": 20,
        "org.apache.hadoop.io.compress.ss": 11,
        "org.apache.hadoop.metrics.ss": 4,
        "org.apache.hadoop.security.authorize.ss": 12,
        "org.apache.hadoop.log.metrics.ss": 4,
        "org.apache.hadoop.util.hash.ss": 3,
        "org.apache.hadoop.fs.permission.ss": 11,
        "org.apache.hadoop.metrics.util.ss": 14,
        "org.apache.hadoop.net.unix.ss": 11,
        "org.apache.hadoop.fs.local.ss": 3,
        "org.apache.hadoop.util.bloom.ss": 2,
        "org.apache.hadoop.metrics.jvm.ss": 2,
        "org.apache.hadoop.security.token.ss": 6,
        "org.apache.hadoop.io.file.tfile.ss": 65,
        "org.apache.hadoop.metrics2.ss": 2,
        "org.apache.hadoop.security.ssl.ss": 15,
        "org.apache.hadoop.io.serializer.avro.ss": 8,
        "org.apache.hadoop.fs.ftp.ss": 6,
        "org.apache.hadoop.io.nativeio.ss": 12,
        "org.apache.hadoop.metrics2.source.ss": 4,
        "org.apache.hadoop.fs.viewfs.ss": 35,
        "org.apache.hadoop.security.token.delegation.ss": 9,
        "org.apache.hadoop.crypto.key.kms.ss": 14,
        "org.apache.hadoop.fs.s3native.ss": 13,
        "org.apache.hadoop.log.ss": 2
    },
    "a0f120ce68dddb0cb31b64c89f3224313f3cb5af": {
        "org.apache.hadoop.util.ss": 50,
        "org.apache.hadoop.http.ss": 10,
        "org.apache.hadoop.io.ss": 142,
        "org.apache.hadoop.fs.ss": 127,
        "org.apache.hadoop.security.ss": 48,
        "org.apache.hadoop.io.serializer.ss": 13,
        "org.apache.hadoop.metrics2.lib.ss": 38,
        "org.apache.hadoop.http.lib.ss": 4,
        "org.apache.hadoop.conf.ss": 13,
        "org.apache.hadoop.metrics.spi.ss": 13,
        "org.apache.hadoop.record.ss": 19,
        "org.apache.hadoop.metrics.ganglia.ss": 3,
        "org.apache.hadoop.io.compress.bzip2.ss": 11,
        "org.apache.hadoop.fs.shell.ss": 70,
        "org.apache.hadoop.ipc.ss": 59,
        "org.apache.hadoop.io.retry.ss": 20,
        "org.apache.hadoop.metrics2.sink.ganglia.ss": 10,
        "org.apache.hadoop.net.ss": 17,
        "org.apache.hadoop.io.compress.zlib.ss": 12,
        "org.apache.hadoop.metrics2.impl.ss": 53,
        "org.apache.hadoop.record.compiler.ant.ss": 46,
        "org.apache.hadoop.fs.s3.ss": 16,
        "org.apache.hadoop.record.compiler.ss": 50,
        "org.apache.hadoop.io.compress.ss": 17,
        "org.apache.hadoop.metrics.ss": 4,
        "org.apache.hadoop.security.authorize.ss": 7,
        "org.apache.hadoop.tools.ss": 2,
        "org.apache.hadoop.util.hash.ss": 3,
        "org.apache.hadoop.metrics.util.ss": 14,
        "org.apache.hadoop.security.token.ss": 2,
        "org.apache.hadoop.log.metrics.ss": 4,
        "org.apache.hadoop.fs.local.ss": 3,
        "org.apache.hadoop.util.bloom.ss": 2,
        "org.apache.hadoop.metrics.jvm.ss": 2,
        "org.apache.hadoop.metrics2.util.ss": 3,
        "org.apache.hadoop.metrics2.ss": 2,
        "org.apache.hadoop.io.file.tfile.ss": 66,
        "org.apache.hadoop.fs.permission.ss": 8,
        "org.apache.hadoop.io.serializer.avro.ss": 8,
        "org.apache.hadoop.fs.ftp.ss": 7,
        "org.apache.hadoop.record.meta.ss": 9,
        "org.apache.hadoop.metrics2.source.ss": 4,
        "org.apache.hadoop.fs.kfs.ss": 5,
        "org.apache.hadoop.security.token.delegation.ss": 8,
        "org.apache.hadoop.fs.viewfs.ss": 31,
        "org.apache.hadoop.fs.s3native.ss": 13,
        "orphanContainer.ss": 4,
        "org.apache.hadoop.log.ss": 2
    },
    "acd3ab521f957929c2acf7868e7c17e9088fa1b4": {
        "org.apache.hadoop.http.ss": 10,
        "org.apache.hadoop.util.ss": 53,
        "org.apache.hadoop.io.ss": 140,
        "org.apache.hadoop.fs.ss": 127,
        "org.apache.hadoop.security.ss": 42,
        "org.apache.hadoop.record.ss": 19,
        "org.apache.hadoop.io.serializer.ss": 13,
        "org.apache.hadoop.http.lib.ss": 6,
        "org.apache.hadoop.conf.ss": 13,
        "org.apache.hadoop.metrics2.lib.ss": 38,
        "org.apache.hadoop.metrics.spi.ss": 13,
        "org.apache.hadoop.net.ss": 17,
        "org.apache.hadoop.io.compress.bzip2.ss": 11,
        "org.apache.hadoop.fs.shell.ss": 70,
        "org.apache.hadoop.io.compress.zlib.ss": 12,
        "org.apache.hadoop.io.retry.ss": 20,
        "org.apache.hadoop.metrics2.sink.ganglia.ss": 10,
        "org.apache.hadoop.ipc.ss": 59,
        "org.apache.hadoop.metrics.ganglia.ss": 3,
        "org.apache.hadoop.metrics2.impl.ss": 53,
        "org.apache.hadoop.record.compiler.ss": 50,
        "org.apache.hadoop.fs.s3.ss": 16,
        "org.apache.hadoop.io.compress.ss": 17,
        "org.apache.hadoop.record.compiler.ant.ss": 46,
        "org.apache.hadoop.metrics.ss": 4,
        "org.apache.hadoop.security.authorize.ss": 7,
        "org.apache.hadoop.security.token.ss": 2,
        "org.apache.hadoop.util.hash.ss": 3,
        "org.apache.hadoop.log.metrics.ss": 4,
        "org.apache.hadoop.metrics.util.ss": 14,
        "org.apache.hadoop.tools.ss": 2,
        "org.apache.hadoop.fs.local.ss": 3,
        "org.apache.hadoop.util.bloom.ss": 2,
        "org.apache.hadoop.metrics2.util.ss": 3,
        "org.apache.hadoop.metrics.jvm.ss": 2,
        "org.apache.hadoop.io.file.tfile.ss": 66,
        "org.apache.hadoop.metrics2.ss": 2,
        "org.apache.hadoop.fs.permission.ss": 8,
        "org.apache.hadoop.io.serializer.avro.ss": 8,
        "org.apache.hadoop.fs.ftp.ss": 7,
        "org.apache.hadoop.record.meta.ss": 9,
        "org.apache.hadoop.metrics2.source.ss": 4,
        "org.apache.hadoop.fs.kfs.ss": 5,
        "org.apache.hadoop.security.token.delegation.ss": 8,
        "org.apache.hadoop.fs.viewfs.ss": 31,
        "org.apache.hadoop.fs.s3native.ss": 13,
        "orphanContainer.ss": 4,
        "org.apache.hadoop.log.ss": 2
    },
    "b214bbd2d92a0c02b71d352dba85f3b87317933c": {
        "org.apache.hadoop.util.curator.ss": 9,
        "org.apache.hadoop.io.ss": 168,
        "org.apache.hadoop.http.ss": 30,
        "org.apache.hadoop.util.ss": 175,
        "org.apache.hadoop.ha.ss": 62,
        "org.apache.hadoop.ipc.ss": 141,
        "org.apache.hadoop.security.http.ss": 5,
        "org.apache.hadoop.metrics2.sink.ss": 10,
        "org.apache.hadoop.security.ss": 108,
        "org.apache.hadoop.security.ssl.ss": 16,
        "org.apache.hadoop.security.authentication.server.ss": 4,
        "org.apache.hadoop.fs.ss": 297,
        "org.apache.hadoop.metrics2.lib.ss": 51,
        "org.apache.hadoop.io.serializer.ss": 13,
        "org.apache.hadoop.service.ss": 12,
        "org.apache.hadoop.fs.sftp.ss": 6,
        "org.apache.hadoop.fs.crypto.ss": 5,
        "org.apache.hadoop.http.lib.ss": 4,
        "org.apache.hadoop.io.compress.bzip2.ss": 16,
        "org.apache.hadoop.conf.ss": 40,
        "org.apache.hadoop.io.compress.zlib.ss": 13,
        "org.apache.hadoop.net.ss": 28,
        "org.apache.hadoop.crypto.key.kms.ss": 66,
        "org.apache.hadoop.metrics2.sink.ganglia.ss": 9,
        "org.apache.hadoop.metrics2.impl.ss": 50,
        "org.apache.hadoop.crypto.key.ss": 30,
        "org.apache.hadoop.ha.protocolPB.ss": 10,
        "org.apache.hadoop.io.compress.ss": 25,
        "org.apache.hadoop.security.token.delegation.web.ss": 34,
        "org.apache.hadoop.fs.shell.ss": 119,
        "org.apache.hadoop.log.ss": 11,
        "org.apache.hadoop.metrics2.util.ss": 7,
        "org.apache.hadoop.io.retry.ss": 46,
        "org.apache.hadoop.fs.viewfs.ss": 78,
        "org.apache.hadoop.security.alias.ss": 25,
        "org.apache.hadoop.tracing.ss": 82,
        "org.apache.hadoop.security.authorize.ss": 11,
        "org.apache.hadoop.fs.impl.ss": 6,
        "org.apache.hadoop.log.metrics.ss": 4,
        "org.apache.hadoop.fs.shell.find.ss": 17,
        "org.apache.hadoop.crypto.ss": 15,
        "org.apache.hadoop.net.unix.ss": 13,
        "org.apache.hadoop.io.erasurecode.codec.ss": 34,
        "org.apache.hadoop.util.bloom.ss": 2,
        "org.apache.hadoop.util.hash.ss": 3,
        "org.apache.hadoop.fs.local.ss": 3,
        "org.apache.hadoop.io.erasurecode.rawcoder.ss": 14,
        "org.apache.hadoop.ha.proto.ss": 90,
        "org.apache.hadoop.security.token.ss": 19,
        "org.apache.hadoop.ipc.protobuf.ss": 77,
        "org.apache.hadoop.fs.http.ss": 3,
        "org.apache.hadoop.io.file.tfile.ss": 66,
        "org.apache.hadoop.metrics2.ss": 2,
        "org.apache.hadoop.fs.permission.ss": 9,
        "org.apache.hadoop.io.serializer.avro.ss": 8,
        "org.apache.hadoop.fs.protocolPB.ss": 4,
        "org.apache.hadoop.fs.ftp.ss": 6,
        "org.apache.hadoop.service.launcher.ss": 17,
        "org.apache.hadoop.io.erasurecode.ss": 35,
        "org.apache.hadoop.io.nativeio.ss": 17,
        "org.apache.hadoop.security.token.delegation.ss": 11,
        "org.apache.hadoop.metrics2.source.ss": 5,
        "org.apache.hadoop.ipc.proto.ss": 43,
        "org.apache.hadoop.security.proto.ss": 84,
        "org.apache.hadoop.tools.proto.ss": 21,
        "org.apache.hadoop.util.concurrent.ss": 4
    },
    "b77bc477b5619e8fef8ed02da6042ea0d0c2de4d": {
        "org.apache.hadoop.http.ss": 10,
        "org.apache.hadoop.io.ss": 142,
        "org.apache.hadoop.util.ss": 50,
        "org.apache.hadoop.fs.ss": 127,
        "org.apache.hadoop.security.ss": 44,
        "org.apache.hadoop.io.serializer.ss": 13,
        "org.apache.hadoop.metrics2.lib.ss": 38,
        "org.apache.hadoop.http.lib.ss": 4,
        "org.apache.hadoop.conf.ss": 13,
        "org.apache.hadoop.metrics.spi.ss": 13,
        "org.apache.hadoop.record.ss": 19,
        "org.apache.hadoop.metrics.ganglia.ss": 3,
        "org.apache.hadoop.io.compress.bzip2.ss": 11,
        "org.apache.hadoop.fs.shell.ss": 70,
        "org.apache.hadoop.ipc.ss": 59,
        "org.apache.hadoop.io.retry.ss": 20,
        "org.apache.hadoop.metrics2.sink.ganglia.ss": 10,
        "org.apache.hadoop.net.ss": 17,
        "org.apache.hadoop.io.compress.zlib.ss": 12,
        "org.apache.hadoop.metrics2.impl.ss": 53,
        "org.apache.hadoop.record.compiler.ant.ss": 46,
        "org.apache.hadoop.fs.s3.ss": 16,
        "org.apache.hadoop.record.compiler.ss": 50,
        "org.apache.hadoop.io.compress.ss": 17,
        "org.apache.hadoop.metrics.ss": 4,
        "org.apache.hadoop.security.authorize.ss": 7,
        "org.apache.hadoop.util.hash.ss": 3,
        "org.apache.hadoop.metrics.util.ss": 14,
        "org.apache.hadoop.tools.ss": 2,
        "org.apache.hadoop.security.token.ss": 2,
        "org.apache.hadoop.log.metrics.ss": 4,
        "org.apache.hadoop.fs.local.ss": 3,
        "org.apache.hadoop.util.bloom.ss": 2,
        "org.apache.hadoop.metrics.jvm.ss": 2,
        "org.apache.hadoop.metrics2.util.ss": 3,
        "org.apache.hadoop.metrics2.ss": 2,
        "org.apache.hadoop.io.file.tfile.ss": 66,
        "org.apache.hadoop.fs.permission.ss": 8,
        "org.apache.hadoop.io.serializer.avro.ss": 8,
        "org.apache.hadoop.fs.ftp.ss": 7,
        "org.apache.hadoop.record.meta.ss": 9,
        "org.apache.hadoop.metrics2.source.ss": 4,
        "org.apache.hadoop.fs.kfs.ss": 5,
        "org.apache.hadoop.security.token.delegation.ss": 8,
        "org.apache.hadoop.fs.viewfs.ss": 31,
        "org.apache.hadoop.fs.s3native.ss": 13,
        "orphanContainer.ss": 4,
        "org.apache.hadoop.log.ss": 2
    },
    "cd894ca890e57c20ea8ec4578ae52248b555fcc0": {
        "org.apache.hadoop.http.ss": 18,
        "org.apache.hadoop.ipc.ss": 86,
        "org.apache.hadoop.io.ss": 201,
        "org.apache.hadoop.ha.ss": 64,
        "org.apache.hadoop.util.ss": 115,
        "org.apache.hadoop.ha.proto.ss": 73,
        "org.apache.hadoop.ipc.protobuf.ss": 65,
        "org.apache.hadoop.fs.ss": 175,
        "org.apache.hadoop.metrics2.lib.ss": 41,
        "org.apache.hadoop.metrics.spi.ss": 13,
        "org.apache.hadoop.http.lib.ss": 4,
        "org.apache.hadoop.io.serializer.ss": 13,
        "org.apache.hadoop.service.ss": 12,
        "org.apache.hadoop.net.ss": 28,
        "org.apache.hadoop.conf.ss": 27,
        "org.apache.hadoop.security.ss": 73,
        "org.apache.hadoop.fs.shell.ss": 101,
        "org.apache.hadoop.metrics2.impl.ss": 54,
        "org.apache.hadoop.metrics2.sink.ganglia.ss": 10,
        "org.apache.hadoop.io.compress.bzip2.ss": 16,
        "org.apache.hadoop.io.compress.zlib.ss": 13,
        "org.apache.hadoop.metrics2.util.ss": 6,
        "org.apache.hadoop.metrics.ganglia.ss": 3,
        "org.apache.hadoop.security.proto.ss": 78,
        "org.apache.hadoop.io.retry.ss": 30,
        "org.apache.hadoop.crypto.key.ss": 15,
        "org.apache.hadoop.tools.proto.ss": 20,
        "org.apache.hadoop.io.compress.ss": 11,
        "org.apache.hadoop.ipc.proto.ss": 44,
        "org.apache.hadoop.ha.protocolPB.ss": 5,
        "org.apache.hadoop.fs.s3.ss": 16,
        "org.apache.hadoop.metrics.ss": 4,
        "org.apache.hadoop.security.authorize.ss": 12,
        "org.apache.hadoop.metrics.util.ss": 14,
        "org.apache.hadoop.net.unix.ss": 11,
        "org.apache.hadoop.log.metrics.ss": 4,
        "org.apache.hadoop.fs.permission.ss": 11,
        "org.apache.hadoop.util.hash.ss": 3,
        "org.apache.hadoop.fs.local.ss": 3,
        "org.apache.hadoop.util.bloom.ss": 2,
        "org.apache.hadoop.security.token.ss": 6,
        "org.apache.hadoop.metrics.jvm.ss": 2,
        "org.apache.hadoop.io.file.tfile.ss": 65,
        "org.apache.hadoop.metrics2.ss": 2,
        "org.apache.hadoop.io.serializer.avro.ss": 8,
        "org.apache.hadoop.security.ssl.ss": 15,
        "org.apache.hadoop.fs.ftp.ss": 6,
        "org.apache.hadoop.io.nativeio.ss": 12,
        "org.apache.hadoop.metrics2.source.ss": 4,
        "org.apache.hadoop.fs.viewfs.ss": 35,
        "org.apache.hadoop.security.token.delegation.ss": 9,
        "org.apache.hadoop.crypto.key.kms.ss": 14,
        "org.apache.hadoop.fs.s3native.ss": 13,
        "org.apache.hadoop.log.ss": 2
    },
    "da4ba50269254456650c08c739f2b394d1182ee4": {
        "org.apache.hadoop.http.ss": 18,
        "org.apache.hadoop.ipc.ss": 97,
        "org.apache.hadoop.util.ss": 121,
        "org.apache.hadoop.io.ss": 203,
        "org.apache.hadoop.ha.ss": 64,
        "org.apache.hadoop.fs.ss": 179,
        "org.apache.hadoop.ha.proto.ss": 73,
        "org.apache.hadoop.ipc.protobuf.ss": 65,
        "org.apache.hadoop.fs.crypto.ss": 6,
        "org.apache.hadoop.io.serializer.ss": 13,
        "org.apache.hadoop.metrics.spi.ss": 13,
        "org.apache.hadoop.http.lib.ss": 6,
        "org.apache.hadoop.service.ss": 12,
        "org.apache.hadoop.metrics2.lib.ss": 41,
        "org.apache.hadoop.metrics2.util.ss": 6,
        "org.apache.hadoop.metrics2.impl.ss": 54,
        "org.apache.hadoop.fs.shell.ss": 96,
        "org.apache.hadoop.conf.ss": 28,
        "org.apache.hadoop.net.ss": 27,
        "org.apache.hadoop.metrics2.sink.ganglia.ss": 10,
        "org.apache.hadoop.security.ss": 69,
        "org.apache.hadoop.io.compress.zlib.ss": 13,
        "org.apache.hadoop.metrics.ganglia.ss": 3,
        "org.apache.hadoop.io.compress.bzip2.ss": 16,
        "org.apache.hadoop.ipc.proto.ss": 44,
        "org.apache.hadoop.security.proto.ss": 78,
        "org.apache.hadoop.crypto.ss": 14,
        "org.apache.hadoop.io.retry.ss": 30,
        "org.apache.hadoop.crypto.key.ss": 36,
        "org.apache.hadoop.tools.proto.ss": 20,
        "org.apache.hadoop.security.alias.ss": 17,
        "org.apache.hadoop.ha.protocolPB.ss": 5,
        "org.apache.hadoop.fs.s3.ss": 16,
        "org.apache.hadoop.security.token.delegation.web.ss": 28,
        "org.apache.hadoop.io.compress.ss": 12,
        "org.apache.hadoop.metrics.ss": 4,
        "org.apache.hadoop.security.authorize.ss": 11,
        "org.apache.hadoop.metrics.util.ss": 14,
        "org.apache.hadoop.util.hash.ss": 3,
        "org.apache.hadoop.net.unix.ss": 11,
        "org.apache.hadoop.log.metrics.ss": 4,
        "org.apache.hadoop.fs.local.ss": 3,
        "org.apache.hadoop.util.bloom.ss": 2,
        "org.apache.hadoop.metrics.jvm.ss": 2,
        "org.apache.hadoop.security.token.ss": 6,
        "org.apache.hadoop.crypto.key.kms.ss": 27,
        "org.apache.hadoop.io.file.tfile.ss": 66,
        "org.apache.hadoop.metrics2.ss": 2,
        "org.apache.hadoop.security.ssl.ss": 14,
        "org.apache.hadoop.fs.permission.ss": 8,
        "org.apache.hadoop.io.serializer.avro.ss": 8,
        "org.apache.hadoop.fs.ftp.ss": 6,
        "org.apache.hadoop.io.nativeio.ss": 12,
        "org.apache.hadoop.metrics2.source.ss": 4,
        "org.apache.hadoop.fs.viewfs.ss": 44,
        "org.apache.hadoop.security.token.delegation.ss": 7,
        "org.apache.hadoop.fs.s3native.ss": 10,
        "org.apache.hadoop.log.ss": 2
    },
    "ddc3f5d10532e487bee16a52c4d33e45000a06c2": {
        "org.apache.hadoop.http.ss": 10,
        "org.apache.hadoop.util.ss": 52,
        "org.apache.hadoop.io.ss": 140,
        "org.apache.hadoop.fs.ss": 127,
        "org.apache.hadoop.security.ss": 42,
        "org.apache.hadoop.record.ss": 19,
        "org.apache.hadoop.io.serializer.ss": 13,
        "org.apache.hadoop.http.lib.ss": 6,
        "org.apache.hadoop.conf.ss": 13,
        "org.apache.hadoop.metrics2.lib.ss": 38,
        "org.apache.hadoop.metrics.spi.ss": 13,
        "org.apache.hadoop.net.ss": 17,
        "org.apache.hadoop.io.compress.bzip2.ss": 11,
        "org.apache.hadoop.fs.shell.ss": 70,
        "org.apache.hadoop.io.compress.zlib.ss": 12,
        "org.apache.hadoop.io.retry.ss": 20,
        "org.apache.hadoop.metrics2.sink.ganglia.ss": 10,
        "org.apache.hadoop.ipc.ss": 59,
        "org.apache.hadoop.metrics.ganglia.ss": 3,
        "org.apache.hadoop.metrics2.impl.ss": 53,
        "org.apache.hadoop.record.compiler.ss": 50,
        "org.apache.hadoop.fs.s3.ss": 16,
        "org.apache.hadoop.io.compress.ss": 17,
        "org.apache.hadoop.record.compiler.ant.ss": 46,
        "org.apache.hadoop.metrics.ss": 4,
        "org.apache.hadoop.security.authorize.ss": 7,
        "org.apache.hadoop.security.token.ss": 2,
        "org.apache.hadoop.util.hash.ss": 3,
        "org.apache.hadoop.log.metrics.ss": 4,
        "org.apache.hadoop.metrics.util.ss": 14,
        "org.apache.hadoop.tools.ss": 2,
        "org.apache.hadoop.fs.local.ss": 3,
        "org.apache.hadoop.util.bloom.ss": 2,
        "org.apache.hadoop.metrics2.util.ss": 3,
        "org.apache.hadoop.metrics.jvm.ss": 2,
        "org.apache.hadoop.io.file.tfile.ss": 66,
        "org.apache.hadoop.metrics2.ss": 2,
        "org.apache.hadoop.fs.permission.ss": 8,
        "org.apache.hadoop.io.serializer.avro.ss": 8,
        "org.apache.hadoop.fs.ftp.ss": 7,
        "org.apache.hadoop.record.meta.ss": 9,
        "org.apache.hadoop.metrics2.source.ss": 4,
        "org.apache.hadoop.fs.kfs.ss": 5,
        "org.apache.hadoop.security.token.delegation.ss": 8,
        "org.apache.hadoop.fs.viewfs.ss": 31,
        "org.apache.hadoop.fs.s3native.ss": 13,
        "orphanContainer.ss": 4,
        "org.apache.hadoop.log.ss": 2
    },
    "eaf2f6137feb2ff8f8b1e9b94d3545f4fba8101c": {
        "org.apache.hadoop.http.ss": 18,
        "org.apache.hadoop.io.ss": 201,
        "org.apache.hadoop.util.ss": 115,
        "org.apache.hadoop.ha.ss": 64,
        "org.apache.hadoop.ipc.ss": 86,
        "org.apache.hadoop.ha.proto.ss": 73,
        "org.apache.hadoop.fs.ss": 175,
        "org.apache.hadoop.ipc.protobuf.ss": 65,
        "org.apache.hadoop.io.serializer.ss": 13,
        "org.apache.hadoop.metrics.spi.ss": 13,
        "org.apache.hadoop.service.ss": 12,
        "org.apache.hadoop.metrics2.lib.ss": 41,
        "org.apache.hadoop.http.lib.ss": 4,
        "org.apache.hadoop.net.ss": 28,
        "org.apache.hadoop.conf.ss": 28,
        "org.apache.hadoop.metrics.ganglia.ss": 3,
        "org.apache.hadoop.metrics2.sink.ganglia.ss": 10,
        "org.apache.hadoop.fs.shell.ss": 101,
        "org.apache.hadoop.io.compress.bzip2.ss": 16,
        "org.apache.hadoop.io.compress.zlib.ss": 13,
        "org.apache.hadoop.metrics2.util.ss": 6,
        "org.apache.hadoop.security.ss": 73,
        "org.apache.hadoop.metrics2.impl.ss": 54,
        "org.apache.hadoop.ha.protocolPB.ss": 5,
        "org.apache.hadoop.security.proto.ss": 78,
        "org.apache.hadoop.io.compress.ss": 11,
        "org.apache.hadoop.ipc.proto.ss": 44,
        "org.apache.hadoop.tools.proto.ss": 20,
        "org.apache.hadoop.io.retry.ss": 30,
        "org.apache.hadoop.security.alias.ss": 17,
        "org.apache.hadoop.fs.s3.ss": 16,
        "org.apache.hadoop.crypto.key.ss": 15,
        "org.apache.hadoop.security.authorize.ss": 12,
        "org.apache.hadoop.metrics.ss": 4,
        "org.apache.hadoop.log.metrics.ss": 4,
        "org.apache.hadoop.net.unix.ss": 11,
        "org.apache.hadoop.metrics.util.ss": 14,
        "org.apache.hadoop.fs.permission.ss": 11,
        "org.apache.hadoop.util.hash.ss": 3,
        "org.apache.hadoop.fs.local.ss": 3,
        "org.apache.hadoop.util.bloom.ss": 2,
        "org.apache.hadoop.metrics.jvm.ss": 2,
        "org.apache.hadoop.security.token.ss": 6,
        "org.apache.hadoop.io.file.tfile.ss": 65,
        "org.apache.hadoop.metrics2.ss": 2,
        "org.apache.hadoop.io.serializer.avro.ss": 8,
        "org.apache.hadoop.fs.ftp.ss": 6,
        "org.apache.hadoop.security.ssl.ss": 15,
        "org.apache.hadoop.io.nativeio.ss": 12,
        "org.apache.hadoop.metrics2.source.ss": 4,
        "org.apache.hadoop.fs.viewfs.ss": 35,
        "org.apache.hadoop.security.token.delegation.ss": 9,
        "org.apache.hadoop.crypto.key.kms.ss": 14,
        "org.apache.hadoop.fs.s3native.ss": 13,
        "org.apache.hadoop.log.ss": 2
    },
    "f64fda0f00b22793a9c5ea10f9d73ef33fa2b563": {
        "org.apache.hadoop.ha.ss": 61,
        "org.apache.hadoop.util.ss": 164,
        "org.apache.hadoop.util.curator.ss": 2,
        "org.apache.hadoop.security.http.ss": 5,
        "org.apache.hadoop.http.ss": 41,
        "org.apache.hadoop.ipc.ss": 142,
        "org.apache.hadoop.metrics2.sink.ss": 10,
        "org.apache.hadoop.io.ss": 167,
        "org.apache.hadoop.util.concurrent.ss": 6,
        "org.apache.hadoop.fs.ss": 324,
        "org.apache.hadoop.security.ssl.ss": 18,
        "org.apache.hadoop.security.authentication.server.ss": 4,
        "org.apache.hadoop.security.ss": 123,
        "org.apache.hadoop.fs.store.audit.ss": 5,
        "org.apache.hadoop.fs.statistics.impl.ss": 25,
        "org.apache.hadoop.fs.sftp.ss": 6,
        "org.apache.hadoop.http.lib.ss": 4,
        "org.apache.hadoop.io.serializer.ss": 13,
        "org.apache.hadoop.service.ss": 12,
        "org.apache.hadoop.fs.viewfs.ss": 60,
        "org.apache.hadoop.fs.crypto.ss": 4,
        "org.apache.hadoop.conf.ss": 40,
        "org.apache.hadoop.net.ss": 27,
        "org.apache.hadoop.io.compress.bzip2.ss": 16,
        "org.apache.hadoop.metrics2.lib.ss": 52,
        "org.apache.hadoop.metrics2.sink.ganglia.ss": 9,
        "org.apache.hadoop.metrics2.impl.ss": 50,
        "org.apache.hadoop.crypto.key.kms.ss": 64,
        "org.apache.hadoop.fs.shell.ss": 189,
        "org.apache.hadoop.security.alias.ss": 33,
        "org.apache.hadoop.io.retry.ss": 49,
        "org.apache.hadoop.ipc.protobuf.ss": 89,
        "org.apache.hadoop.ha.protocolPB.ss": 10,
        "org.apache.hadoop.security.token.delegation.web.ss": 35,
        "org.apache.hadoop.crypto.key.ss": 31,
        "org.apache.hadoop.tracing.ss": 81,
        "org.apache.hadoop.log.ss": 11,
        "org.apache.hadoop.security.authorize.ss": 11,
        "org.apache.hadoop.fs.impl.ss": 25,
        "org.apache.hadoop.fs.shell.find.ss": 17,
        "org.apache.hadoop.io.compress.ss": 35,
        "org.apache.hadoop.io.erasurecode.rawcoder.ss": 16,
        "org.apache.hadoop.fs.store.ss": 16,
        "org.apache.hadoop.fs.audit.ss": 3,
        "org.apache.hadoop.io.erasurecode.codec.ss": 35,
        "org.apache.hadoop.crypto.ss": 6,
        "org.apache.hadoop.util.bloom.ss": 2,
        "org.apache.hadoop.fs.local.ss": 3,
        "org.apache.hadoop.util.hash.ss": 3,
        "org.apache.hadoop.net.unix.ss": 13,
        "org.apache.hadoop.ha.proto.ss": 81,
        "org.apache.hadoop.metrics2.util.ss": 8,
        "org.apache.hadoop.security.token.ss": 20,
        "org.apache.hadoop.io.file.tfile.ss": 66,
        "org.apache.hadoop.metrics2.ss": 2,
        "org.apache.hadoop.fs.http.ss": 3,
        "org.apache.hadoop.io.serializer.avro.ss": 8,
        "org.apache.hadoop.fs.statistics.ss": 14,
        "org.apache.hadoop.fs.permission.ss": 9,
        "org.apache.hadoop.fs.ftp.ss": 6,
        "org.apache.hadoop.fs.protocolPB.ss": 3,
        "org.apache.hadoop.service.launcher.ss": 17,
        "org.apache.hadoop.io.compress.zlib.ss": 10,
        "org.apache.hadoop.io.nativeio.ss": 17,
        "org.apache.hadoop.io.erasurecode.ss": 21,
        "org.apache.hadoop.util.functional.ss": 13,
        "org.apache.hadoop.security.token.delegation.ss": 12,
        "org.apache.hadoop.metrics2.source.ss": 4,
        "org.apache.hadoop.ipc.proto.ss": 43,
        "org.apache.hadoop.tools.proto.ss": 21,
        "org.apache.hadoop.security.proto.ss": 83
    }
}