{
    "4a4868e52360d7543909a7981b4606db939230ea": {
        "0": 30,
        "1": 576,
        "2": 31,
        "3": 103,
        "4": 7,
        "5": 7,
        "6": 14,
        "7": 18,
        "8": 77,
        "9": 31,
        "10": 6,
        "11": 24,
        "12": 10,
        "13": 19,
        "14": 16,
        "15": 8,
        "16": 11,
        "17": 104,
        "18": 25,
        "19": 22,
        "20": 6,
        "21": 12,
        "22": 4,
        "23": 4,
        "24": 4,
        "25": 126,
        "26": 11,
        "27": 35,
        "28": 6,
        "29": 6,
        "30": 9,
        "31": 5,
        "32": 20,
        "33": 30,
        "34": 10,
        "35": 13,
        "36": 28,
        "37": 6,
        "38": 9,
        "39": 3,
        "40": 14,
        "41": 8,
        "42": 5,
        "43": 27,
        "44": 12,
        "45": 5,
        "46": 10,
        "47": 6,
        "48": 3,
        "49": 3,
        "50": 14,
        "51": 5,
        "52": 20,
        "53": 7,
        "54": 3,
        "55": 14,
        "56": 5,
        "57": 5
    },
    "5b1d594005293e8de7e58cd70cde88c9041107cf": {
        "0": 27,
        "1": 1332,
        "2": 29,
        "3": 9,
        "4": 7,
        "5": 97,
        "6": 8,
        "7": 18,
        "8": 6,
        "9": 13,
        "10": 12,
        "11": 37,
        "12": 4,
        "13": 23,
        "14": 16,
        "15": 45,
        "16": 9,
        "17": 6,
        "18": 25,
        "19": 47,
        "20": 14,
        "21": 63,
        "22": 128,
        "23": 79,
        "24": 37,
        "25": 22,
        "26": 24,
        "27": 10,
        "28": 27,
        "29": 76,
        "30": 7,
        "31": 13,
        "32": 4,
        "33": 4,
        "34": 28,
        "35": 5,
        "36": 13,
        "37": 12,
        "38": 9,
        "39": 7,
        "40": 28,
        "41": 10,
        "42": 35,
        "43": 26,
        "44": 32,
        "45": 28,
        "46": 15,
        "47": 36,
        "48": 10,
        "49": 6,
        "50": 6,
        "51": 4,
        "52": 8,
        "53": 5,
        "54": 7,
        "55": 5,
        "56": 4,
        "57": 5
    },
    "5bbca80428ffbe776650652de86a3bba885edb31": {
        "0": 26,
        "1": 909,
        "2": 56,
        "3": 6,
        "4": 10,
        "5": 16,
        "6": 18,
        "7": 26,
        "8": 31,
        "9": 377,
        "10": 4,
        "11": 19,
        "12": 7,
        "13": 39,
        "14": 37,
        "15": 9,
        "16": 6,
        "17": 11,
        "18": 39,
        "19": 23,
        "20": 9,
        "21": 8,
        "22": 4,
        "23": 4,
        "24": 22,
        "25": 24,
        "26": 35,
        "27": 7,
        "28": 12,
        "29": 6,
        "30": 6,
        "31": 9,
        "32": 5,
        "33": 20,
        "34": 26,
        "35": 32,
        "36": 19,
        "37": 28,
        "38": 10,
        "39": 9,
        "40": 33,
        "41": 23,
        "42": 8,
        "43": 5,
        "44": 27,
        "45": 13,
        "46": 6,
        "47": 20,
        "48": 14,
        "49": 5,
        "50": 20,
        "51": 11,
        "52": 26,
        "53": 5,
        "54": 6,
        "55": 7,
        "56": 36,
        "57": 4
    },
    "6ba8fd7e8e038351fc14f6096ea2216ce2abe918": {
        "0": 27,
        "1": 749,
        "2": 7,
        "3": 146,
        "4": 7,
        "5": 15,
        "6": 23,
        "7": 6,
        "8": 7,
        "9": 207,
        "10": 7,
        "11": 35,
        "12": 30,
        "13": 6,
        "14": 25,
        "15": 17,
        "16": 9,
        "17": 4,
        "18": 12,
        "19": 4,
        "20": 4,
        "21": 9,
        "22": 11,
        "23": 40,
        "24": 6,
        "25": 6,
        "26": 5,
        "27": 20,
        "28": 33,
        "29": 6,
        "30": 28,
        "31": 10,
        "32": 15,
        "33": 19,
        "34": 44,
        "35": 23,
        "36": 14,
        "37": 8,
        "38": 5,
        "39": 27,
        "40": 6,
        "41": 24,
        "42": 5,
        "43": 6,
        "44": 6,
        "45": 10,
        "46": 14,
        "47": 5,
        "48": 20,
        "49": 5,
        "50": 24,
        "51": 7,
        "52": 3,
        "53": 14,
        "54": 7,
        "55": 36,
        "56": 5,
        "57": 7
    }
}