{
    "0294c49df60150bd9b363af5cfbc312222c12c69": {
        "org.apache.hadoop": 1,
        "org.apache.hadoop.classification": 8,
        "org.apache.hadoop.conf": 36,
        "org.apache.hadoop.crypto": 19,
        "org.apache.hadoop.crypto.key": 39,
        "org.apache.hadoop.crypto.key.kms": 44,
        "org.apache.hadoop.crypto.random": 2,
        "org.apache.hadoop.fs": 278,
        "org.apache.hadoop.fs.crypto": 2,
        "org.apache.hadoop.fs.ftp": 6,
        "org.apache.hadoop.fs.http": 4,
        "org.apache.hadoop.fs.local": 4,
        "org.apache.hadoop.fs.permission": 23,
        "org.apache.hadoop.fs.protocolPB": 2,
        "org.apache.hadoop.fs.sftp": 5,
        "org.apache.hadoop.fs.shell": 71,
        "org.apache.hadoop.fs.shell.find": 17,
        "org.apache.hadoop.fs.viewfs": 38,
        "org.apache.hadoop.ha": 61,
        "org.apache.hadoop.ha.proto": 74,
        "org.apache.hadoop.ha.protocolPB": 8,
        "org.apache.hadoop.http": 20,
        "org.apache.hadoop.http.lib": 4,
        "org.apache.hadoop.io": 151,
        "org.apache.hadoop.io.compress": 33,
        "org.apache.hadoop.io.compress.bzip2": 14,
        "org.apache.hadoop.io.compress.lz4": 3,
        "org.apache.hadoop.io.compress.snappy": 4,
        "org.apache.hadoop.io.compress.zlib": 13,
        "org.apache.hadoop.io.compress.zstd": 4,
        "org.apache.hadoop.io.erasurecode": 10,
        "org.apache.hadoop.io.erasurecode.codec": 6,
        "org.apache.hadoop.io.erasurecode.coder": 18,
        "org.apache.hadoop.io.erasurecode.coder.util": 1,
        "org.apache.hadoop.io.erasurecode.grouper": 1,
        "org.apache.hadoop.io.erasurecode.rawcoder": 31,
        "org.apache.hadoop.io.erasurecode.rawcoder.util": 5,
        "org.apache.hadoop.io.file.tfile": 55,
        "org.apache.hadoop.io.nativeio": 14,
        "org.apache.hadoop.io.retry": 45,
        "org.apache.hadoop.io.serializer": 14,
        "org.apache.hadoop.io.serializer.avro": 6,
        "org.apache.hadoop.ipc": 120,
        "org.apache.hadoop.ipc.metrics": 4,
        "org.apache.hadoop.ipc.proto": 38,
        "org.apache.hadoop.ipc.protobuf": 85,
        "org.apache.hadoop.ipc.protocolPB": 6,
        "org.apache.hadoop.jmx": 2,
        "org.apache.hadoop.log": 6,
        "org.apache.hadoop.log.metrics": 3,
        "org.apache.hadoop.metrics2": 20,
        "org.apache.hadoop.metrics2.annotation": 4,
        "org.apache.hadoop.metrics2.filter": 4,
        "org.apache.hadoop.metrics2.impl": 36,
        "org.apache.hadoop.metrics2.lib": 45,
        "org.apache.hadoop.metrics2.sink": 8,
        "org.apache.hadoop.metrics2.sink.ganglia": 8,
        "org.apache.hadoop.metrics2.source": 4,
        "org.apache.hadoop.metrics2.util": 16,
        "org.apache.hadoop.net": 36,
        "org.apache.hadoop.net.unix": 11,
        "org.apache.hadoop.security": 73,
        "org.apache.hadoop.security.alias": 20,
        "org.apache.hadoop.security.authentication.client": 7,
        "org.apache.hadoop.security.authentication.server": 9,
        "org.apache.hadoop.security.authentication.util": 4,
        "org.apache.hadoop.security.authorize": 13,
        "org.apache.hadoop.security.http": 7,
        "org.apache.hadoop.security.proto": 80,
        "org.apache.hadoop.security.protocolPB": 6,
        "org.apache.hadoop.security.ssl": 13,
        "org.apache.hadoop.security.token": 21,
        "org.apache.hadoop.security.token.delegation": 14,
        "org.apache.hadoop.security.token.delegation.web": 22,
        "org.apache.hadoop.service": 13,
        "org.apache.hadoop.service.launcher": 14,
        "org.apache.hadoop.tools": 8,
        "org.apache.hadoop.tools.proto": 17,
        "org.apache.hadoop.tools.protocolPB": 3,
        "org.apache.hadoop.tracing": 52,
        "org.apache.hadoop.util": 162,
        "org.apache.hadoop.util.bloom": 8,
        "org.apache.hadoop.util.concurrent": 8,
        "org.apache.hadoop.util.curator": 6,
        "org.apache.hadoop.util.hash": 3
    },
    "0f6dfeeacbab65a31a33927a4eb84871d371fe52": {
        "org.apache.hadoop": 3,
        "org.apache.hadoop.classification": 8,
        "org.apache.hadoop.conf": 15,
        "org.apache.hadoop.fs": 147,
        "org.apache.hadoop.fs.ftp": 6,
        "org.apache.hadoop.fs.kfs": 6,
        "org.apache.hadoop.fs.local": 4,
        "org.apache.hadoop.fs.permission": 11,
        "org.apache.hadoop.fs.s3": 18,
        "org.apache.hadoop.fs.s3native": 8,
        "org.apache.hadoop.fs.shell": 56,
        "org.apache.hadoop.fs.viewfs": 21,
        "org.apache.hadoop.http": 11,
        "org.apache.hadoop.http.lib": 4,
        "org.apache.hadoop.io": 132,
        "org.apache.hadoop.io.compress": 27,
        "org.apache.hadoop.io.compress.bzip2": 11,
        "org.apache.hadoop.io.compress.snappy": 3,
        "org.apache.hadoop.io.compress.zlib": 12,
        "org.apache.hadoop.io.file.tfile": 55,
        "org.apache.hadoop.io.nativeio": 4,
        "org.apache.hadoop.io.retry": 20,
        "org.apache.hadoop.io.serializer": 14,
        "org.apache.hadoop.io.serializer.avro": 6,
        "org.apache.hadoop.ipc": 49,
        "org.apache.hadoop.ipc.metrics": 3,
        "org.apache.hadoop.jmx": 1,
        "org.apache.hadoop.log": 3,
        "org.apache.hadoop.log.metrics": 3,
        "org.apache.hadoop.metrics": 8,
        "org.apache.hadoop.metrics.file": 1,
        "org.apache.hadoop.metrics.ganglia": 2,
        "org.apache.hadoop.metrics.jvm": 3,
        "org.apache.hadoop.metrics.spi": 14,
        "org.apache.hadoop.metrics.util": 12,
        "org.apache.hadoop.metrics2": 18,
        "org.apache.hadoop.metrics2.annotation": 4,
        "org.apache.hadoop.metrics2.filter": 4,
        "org.apache.hadoop.metrics2.impl": 35,
        "org.apache.hadoop.metrics2.lib": 35,
        "org.apache.hadoop.metrics2.sink": 2,
        "org.apache.hadoop.metrics2.sink.ganglia": 8,
        "org.apache.hadoop.metrics2.source": 4,
        "org.apache.hadoop.metrics2.util": 9,
        "org.apache.hadoop.net": 21,
        "org.apache.hadoop.record": 22,
        "org.apache.hadoop.record.compiler": 50,
        "org.apache.hadoop.record.compiler.ant": 1,
        "org.apache.hadoop.record.compiler.generated": 7,
        "org.apache.hadoop.record.meta": 8,
        "org.apache.hadoop.security": 43,
        "org.apache.hadoop.security.authorize": 9,
        "org.apache.hadoop.security.token": 7,
        "org.apache.hadoop.security.token.delegation": 7,
        "org.apache.hadoop.tools": 2,
        "org.apache.hadoop.util": 62,
        "org.apache.hadoop.util.bloom": 8,
        "org.apache.hadoop.util.hash": 3
    },
    "13052a341fdca860e1bbb000bc0a9d00b840d948": {
        "org.apache.hadoop": 1,
        "org.apache.hadoop.classification": 8,
        "org.apache.hadoop.conf": 28,
        "org.apache.hadoop.crypto.key": 19,
        "org.apache.hadoop.crypto.key.kms": 5,
        "org.apache.hadoop.fs": 207,
        "org.apache.hadoop.fs.ftp": 6,
        "org.apache.hadoop.fs.local": 4,
        "org.apache.hadoop.fs.permission": 21,
        "org.apache.hadoop.fs.s3": 18,
        "org.apache.hadoop.fs.s3native": 8,
        "org.apache.hadoop.fs.shell": 65,
        "org.apache.hadoop.fs.viewfs": 22,
        "org.apache.hadoop.ha": 59,
        "org.apache.hadoop.ha.proto": 74,
        "org.apache.hadoop.ha.protocolPB": 8,
        "org.apache.hadoop.http": 19,
        "org.apache.hadoop.http.lib": 4,
        "org.apache.hadoop.io": 147,
        "org.apache.hadoop.io.compress": 31,
        "org.apache.hadoop.io.compress.bzip2": 14,
        "org.apache.hadoop.io.compress.lz4": 3,
        "org.apache.hadoop.io.compress.snappy": 4,
        "org.apache.hadoop.io.compress.zlib": 13,
        "org.apache.hadoop.io.file.tfile": 55,
        "org.apache.hadoop.io.nativeio": 14,
        "org.apache.hadoop.io.retry": 28,
        "org.apache.hadoop.io.serializer": 14,
        "org.apache.hadoop.io.serializer.avro": 6,
        "org.apache.hadoop.ipc": 92,
        "org.apache.hadoop.ipc.metrics": 4,
        "org.apache.hadoop.ipc.proto": 38,
        "org.apache.hadoop.ipc.protobuf": 77,
        "org.apache.hadoop.ipc.protocolPB": 6,
        "org.apache.hadoop.jmx": 1,
        "org.apache.hadoop.log": 3,
        "org.apache.hadoop.log.metrics": 3,
        "org.apache.hadoop.metrics": 8,
        "org.apache.hadoop.metrics.file": 1,
        "org.apache.hadoop.metrics.ganglia": 2,
        "org.apache.hadoop.metrics.jvm": 3,
        "org.apache.hadoop.metrics.spi": 14,
        "org.apache.hadoop.metrics.util": 12,
        "org.apache.hadoop.metrics2": 18,
        "org.apache.hadoop.metrics2.annotation": 4,
        "org.apache.hadoop.metrics2.filter": 4,
        "org.apache.hadoop.metrics2.impl": 36,
        "org.apache.hadoop.metrics2.lib": 37,
        "org.apache.hadoop.metrics2.sink": 3,
        "org.apache.hadoop.metrics2.sink.ganglia": 8,
        "org.apache.hadoop.metrics2.source": 4,
        "org.apache.hadoop.metrics2.util": 12,
        "org.apache.hadoop.net": 33,
        "org.apache.hadoop.net.unix": 10,
        "org.apache.hadoop.security": 53,
        "org.apache.hadoop.security.authentication.client": 6,
        "org.apache.hadoop.security.authentication.server": 2,
        "org.apache.hadoop.security.authentication.util": 2,
        "org.apache.hadoop.security.authorize": 13,
        "org.apache.hadoop.security.proto": 72,
        "org.apache.hadoop.security.protocolPB": 6,
        "org.apache.hadoop.security.ssl": 13,
        "org.apache.hadoop.security.token": 11,
        "org.apache.hadoop.security.token.delegation": 8,
        "org.apache.hadoop.service": 13,
        "org.apache.hadoop.tools": 7,
        "org.apache.hadoop.tools.proto": 17,
        "org.apache.hadoop.tools.protocolPB": 3,
        "org.apache.hadoop.util": 112,
        "org.apache.hadoop.util.bloom": 8,
        "org.apache.hadoop.util.hash": 3
    },
    "14b97a91d9a7d721bd1dc276640dcf9c99af188e": {
        "org.apache.hadoop": 3,
        "org.apache.hadoop.alfredo.server": 1,
        "org.apache.hadoop.alfredo.util": 1,
        "org.apache.hadoop.classification": 8,
        "org.apache.hadoop.conf": 15,
        "org.apache.hadoop.fs": 147,
        "org.apache.hadoop.fs.ftp": 6,
        "org.apache.hadoop.fs.kfs": 6,
        "org.apache.hadoop.fs.local": 4,
        "org.apache.hadoop.fs.permission": 11,
        "org.apache.hadoop.fs.s3": 18,
        "org.apache.hadoop.fs.s3native": 8,
        "org.apache.hadoop.fs.shell": 56,
        "org.apache.hadoop.fs.viewfs": 21,
        "org.apache.hadoop.http": 11,
        "org.apache.hadoop.http.lib": 4,
        "org.apache.hadoop.io": 134,
        "org.apache.hadoop.io.compress": 27,
        "org.apache.hadoop.io.compress.bzip2": 11,
        "org.apache.hadoop.io.compress.snappy": 3,
        "org.apache.hadoop.io.compress.zlib": 12,
        "org.apache.hadoop.io.file.tfile": 55,
        "org.apache.hadoop.io.nativeio": 4,
        "org.apache.hadoop.io.retry": 20,
        "org.apache.hadoop.io.serializer": 14,
        "org.apache.hadoop.io.serializer.avro": 6,
        "org.apache.hadoop.ipc": 49,
        "org.apache.hadoop.ipc.metrics": 3,
        "org.apache.hadoop.jmx": 1,
        "org.apache.hadoop.log": 3,
        "org.apache.hadoop.log.metrics": 3,
        "org.apache.hadoop.metrics": 8,
        "org.apache.hadoop.metrics.file": 1,
        "org.apache.hadoop.metrics.ganglia": 2,
        "org.apache.hadoop.metrics.jvm": 3,
        "org.apache.hadoop.metrics.spi": 14,
        "org.apache.hadoop.metrics.util": 12,
        "org.apache.hadoop.metrics2": 18,
        "org.apache.hadoop.metrics2.annotation": 4,
        "org.apache.hadoop.metrics2.filter": 4,
        "org.apache.hadoop.metrics2.impl": 35,
        "org.apache.hadoop.metrics2.lib": 35,
        "org.apache.hadoop.metrics2.sink": 2,
        "org.apache.hadoop.metrics2.sink.ganglia": 8,
        "org.apache.hadoop.metrics2.source": 4,
        "org.apache.hadoop.metrics2.util": 9,
        "org.apache.hadoop.net": 21,
        "org.apache.hadoop.record": 22,
        "org.apache.hadoop.record.compiler": 50,
        "org.apache.hadoop.record.compiler.ant": 1,
        "org.apache.hadoop.record.compiler.generated": 7,
        "org.apache.hadoop.record.meta": 8,
        "org.apache.hadoop.security": 41,
        "org.apache.hadoop.security.authorize": 9,
        "org.apache.hadoop.security.token": 7,
        "org.apache.hadoop.security.token.delegation": 7,
        "org.apache.hadoop.tools": 2,
        "org.apache.hadoop.util": 60,
        "org.apache.hadoop.util.bloom": 8,
        "org.apache.hadoop.util.hash": 3
    },
    "21d921ac23ad0da035cb6db11a1a2d585790b247": {
        "org.apache.hadoop": 1,
        "org.apache.hadoop.classification": 8,
        "org.apache.hadoop.conf": 28,
        "org.apache.hadoop.crypto.key": 19,
        "org.apache.hadoop.fs": 193,
        "org.apache.hadoop.fs.ftp": 6,
        "org.apache.hadoop.fs.local": 4,
        "org.apache.hadoop.fs.permission": 19,
        "org.apache.hadoop.fs.s3": 18,
        "org.apache.hadoop.fs.s3native": 8,
        "org.apache.hadoop.fs.shell": 61,
        "org.apache.hadoop.fs.viewfs": 22,
        "org.apache.hadoop.ha": 57,
        "org.apache.hadoop.ha.proto": 74,
        "org.apache.hadoop.ha.protocolPB": 8,
        "org.apache.hadoop.http": 19,
        "org.apache.hadoop.http.lib": 4,
        "org.apache.hadoop.io": 147,
        "org.apache.hadoop.io.compress": 31,
        "org.apache.hadoop.io.compress.bzip2": 14,
        "org.apache.hadoop.io.compress.lz4": 3,
        "org.apache.hadoop.io.compress.snappy": 4,
        "org.apache.hadoop.io.compress.zlib": 13,
        "org.apache.hadoop.io.file.tfile": 55,
        "org.apache.hadoop.io.nativeio": 14,
        "org.apache.hadoop.io.retry": 27,
        "org.apache.hadoop.io.serializer": 14,
        "org.apache.hadoop.io.serializer.avro": 6,
        "org.apache.hadoop.ipc": 84,
        "org.apache.hadoop.ipc.metrics": 3,
        "org.apache.hadoop.ipc.proto": 17,
        "org.apache.hadoop.ipc.protobuf": 77,
        "org.apache.hadoop.ipc.protocolPB": 3,
        "org.apache.hadoop.jmx": 1,
        "org.apache.hadoop.log": 3,
        "org.apache.hadoop.log.metrics": 3,
        "org.apache.hadoop.metrics": 8,
        "org.apache.hadoop.metrics.file": 1,
        "org.apache.hadoop.metrics.ganglia": 2,
        "org.apache.hadoop.metrics.jvm": 3,
        "org.apache.hadoop.metrics.spi": 14,
        "org.apache.hadoop.metrics.util": 12,
        "org.apache.hadoop.metrics2": 18,
        "org.apache.hadoop.metrics2.annotation": 4,
        "org.apache.hadoop.metrics2.filter": 4,
        "org.apache.hadoop.metrics2.impl": 36,
        "org.apache.hadoop.metrics2.lib": 37,
        "org.apache.hadoop.metrics2.sink": 2,
        "org.apache.hadoop.metrics2.sink.ganglia": 8,
        "org.apache.hadoop.metrics2.source": 4,
        "org.apache.hadoop.metrics2.util": 12,
        "org.apache.hadoop.net": 30,
        "org.apache.hadoop.net.unix": 10,
        "org.apache.hadoop.record": 22,
        "org.apache.hadoop.record.compiler": 50,
        "org.apache.hadoop.record.compiler.ant": 1,
        "org.apache.hadoop.record.compiler.generated": 7,
        "org.apache.hadoop.record.meta": 8,
        "org.apache.hadoop.security": 52,
        "org.apache.hadoop.security.authentication.client": 1,
        "org.apache.hadoop.security.authentication.server": 2,
        "org.apache.hadoop.security.authentication.util": 2,
        "org.apache.hadoop.security.authorize": 10,
        "org.apache.hadoop.security.proto": 72,
        "org.apache.hadoop.security.protocolPB": 6,
        "org.apache.hadoop.security.ssl": 13,
        "org.apache.hadoop.security.token": 11,
        "org.apache.hadoop.security.token.delegation": 8,
        "org.apache.hadoop.service": 13,
        "org.apache.hadoop.tools": 3,
        "org.apache.hadoop.tools.proto": 17,
        "org.apache.hadoop.tools.protocolPB": 3,
        "org.apache.hadoop.util": 113,
        "org.apache.hadoop.util.bloom": 8,
        "org.apache.hadoop.util.hash": 3
    },
    "228742acad6b56c0e4fafe285099fcdfa5b6e47f": {
        "org.apache.hadoop": 1,
        "org.apache.hadoop.classification": 8,
        "org.apache.hadoop.conf": 26,
        "org.apache.hadoop.fs": 177,
        "org.apache.hadoop.fs.ftp": 6,
        "org.apache.hadoop.fs.local": 4,
        "org.apache.hadoop.fs.permission": 11,
        "org.apache.hadoop.fs.s3": 18,
        "org.apache.hadoop.fs.s3native": 8,
        "org.apache.hadoop.fs.shell": 58,
        "org.apache.hadoop.fs.viewfs": 22,
        "org.apache.hadoop.ha": 61,
        "org.apache.hadoop.ha.proto": 74,
        "org.apache.hadoop.ha.protocolPB": 8,
        "org.apache.hadoop.http": 14,
        "org.apache.hadoop.http.lib": 4,
        "org.apache.hadoop.io": 144,
        "org.apache.hadoop.io.compress": 29,
        "org.apache.hadoop.io.compress.bzip2": 14,
        "org.apache.hadoop.io.compress.lz4": 3,
        "org.apache.hadoop.io.compress.snappy": 3,
        "org.apache.hadoop.io.compress.zlib": 12,
        "org.apache.hadoop.io.file.tfile": 55,
        "org.apache.hadoop.io.nativeio": 12,
        "org.apache.hadoop.io.retry": 26,
        "org.apache.hadoop.io.serializer": 14,
        "org.apache.hadoop.io.serializer.avro": 6,
        "org.apache.hadoop.ipc": 79,
        "org.apache.hadoop.ipc.metrics": 3,
        "org.apache.hadoop.ipc.protobuf": 77,
        "org.apache.hadoop.jmx": 1,
        "org.apache.hadoop.log": 3,
        "org.apache.hadoop.log.metrics": 3,
        "org.apache.hadoop.metrics": 8,
        "org.apache.hadoop.metrics.file": 1,
        "org.apache.hadoop.metrics.ganglia": 2,
        "org.apache.hadoop.metrics.jvm": 3,
        "org.apache.hadoop.metrics.spi": 14,
        "org.apache.hadoop.metrics.util": 12,
        "org.apache.hadoop.metrics2": 18,
        "org.apache.hadoop.metrics2.annotation": 4,
        "org.apache.hadoop.metrics2.filter": 4,
        "org.apache.hadoop.metrics2.impl": 36,
        "org.apache.hadoop.metrics2.lib": 37,
        "org.apache.hadoop.metrics2.sink": 2,
        "org.apache.hadoop.metrics2.sink.ganglia": 8,
        "org.apache.hadoop.metrics2.source": 4,
        "org.apache.hadoop.metrics2.util": 12,
        "org.apache.hadoop.net": 30,
        "org.apache.hadoop.net.unix": 5,
        "org.apache.hadoop.record": 22,
        "org.apache.hadoop.record.compiler": 50,
        "org.apache.hadoop.record.compiler.ant": 1,
        "org.apache.hadoop.record.compiler.generated": 7,
        "org.apache.hadoop.record.meta": 8,
        "org.apache.hadoop.security": 51,
        "org.apache.hadoop.security.authentication.client": 5,
        "org.apache.hadoop.security.authentication.server": 2,
        "org.apache.hadoop.security.authentication.util": 2,
        "org.apache.hadoop.security.authorize": 10,
        "org.apache.hadoop.security.proto": 72,
        "org.apache.hadoop.security.protocolPB": 6,
        "org.apache.hadoop.security.ssl": 13,
        "org.apache.hadoop.security.token": 10,
        "org.apache.hadoop.security.token.delegation": 8,
        "org.apache.hadoop.service": 13,
        "org.apache.hadoop.tools": 3,
        "org.apache.hadoop.tools.proto": 17,
        "org.apache.hadoop.tools.protocolPB": 3,
        "org.apache.hadoop.util": 94,
        "org.apache.hadoop.util.bloom": 8,
        "org.apache.hadoop.util.hash": 3
    },
    "4a4868e52360d7543909a7981b4606db939230ea": {
        "org.apache.hadoop": 1,
        "org.apache.hadoop.classification": 8,
        "org.apache.hadoop.conf": 28,
        "org.apache.hadoop.crypto.key": 19,
        "org.apache.hadoop.crypto.key.kms": 5,
        "org.apache.hadoop.fs": 207,
        "org.apache.hadoop.fs.ftp": 6,
        "org.apache.hadoop.fs.local": 4,
        "org.apache.hadoop.fs.permission": 21,
        "org.apache.hadoop.fs.s3": 18,
        "org.apache.hadoop.fs.s3native": 8,
        "org.apache.hadoop.fs.shell": 64,
        "org.apache.hadoop.fs.viewfs": 22,
        "org.apache.hadoop.ha": 59,
        "org.apache.hadoop.ha.proto": 74,
        "org.apache.hadoop.ha.protocolPB": 8,
        "org.apache.hadoop.http": 19,
        "org.apache.hadoop.http.lib": 4,
        "org.apache.hadoop.io": 147,
        "org.apache.hadoop.io.compress": 31,
        "org.apache.hadoop.io.compress.bzip2": 14,
        "org.apache.hadoop.io.compress.lz4": 3,
        "org.apache.hadoop.io.compress.snappy": 4,
        "org.apache.hadoop.io.compress.zlib": 13,
        "org.apache.hadoop.io.file.tfile": 55,
        "org.apache.hadoop.io.nativeio": 14,
        "org.apache.hadoop.io.retry": 28,
        "org.apache.hadoop.io.serializer": 14,
        "org.apache.hadoop.io.serializer.avro": 6,
        "org.apache.hadoop.ipc": 87,
        "org.apache.hadoop.ipc.metrics": 4,
        "org.apache.hadoop.ipc.proto": 17,
        "org.apache.hadoop.ipc.protobuf": 77,
        "org.apache.hadoop.ipc.protocolPB": 3,
        "org.apache.hadoop.jmx": 1,
        "org.apache.hadoop.log": 3,
        "org.apache.hadoop.log.metrics": 3,
        "org.apache.hadoop.metrics": 8,
        "org.apache.hadoop.metrics.file": 1,
        "org.apache.hadoop.metrics.ganglia": 2,
        "org.apache.hadoop.metrics.jvm": 3,
        "org.apache.hadoop.metrics.spi": 14,
        "org.apache.hadoop.metrics.util": 12,
        "org.apache.hadoop.metrics2": 18,
        "org.apache.hadoop.metrics2.annotation": 4,
        "org.apache.hadoop.metrics2.filter": 4,
        "org.apache.hadoop.metrics2.impl": 36,
        "org.apache.hadoop.metrics2.lib": 37,
        "org.apache.hadoop.metrics2.sink": 2,
        "org.apache.hadoop.metrics2.sink.ganglia": 8,
        "org.apache.hadoop.metrics2.source": 4,
        "org.apache.hadoop.metrics2.util": 12,
        "org.apache.hadoop.net": 33,
        "org.apache.hadoop.net.unix": 10,
        "org.apache.hadoop.security": 53,
        "org.apache.hadoop.security.authentication.client": 6,
        "org.apache.hadoop.security.authentication.server": 2,
        "org.apache.hadoop.security.authentication.util": 2,
        "org.apache.hadoop.security.authorize": 13,
        "org.apache.hadoop.security.proto": 72,
        "org.apache.hadoop.security.protocolPB": 6,
        "org.apache.hadoop.security.ssl": 13,
        "org.apache.hadoop.security.token": 11,
        "org.apache.hadoop.security.token.delegation": 8,
        "org.apache.hadoop.service": 13,
        "org.apache.hadoop.tools": 3,
        "org.apache.hadoop.tools.proto": 17,
        "org.apache.hadoop.tools.protocolPB": 3,
        "org.apache.hadoop.util": 112,
        "org.apache.hadoop.util.bloom": 8,
        "org.apache.hadoop.util.hash": 3
    },
    "5b1d594005293e8de7e58cd70cde88c9041107cf": {
        "org.apache.hadoop": 1,
        "org.apache.hadoop.classification": 8,
        "org.apache.hadoop.conf": 43,
        "org.apache.hadoop.crypto": 22,
        "org.apache.hadoop.crypto.key": 40,
        "org.apache.hadoop.crypto.key.kms": 46,
        "org.apache.hadoop.crypto.random": 2,
        "org.apache.hadoop.fs": 319,
        "org.apache.hadoop.fs.audit": 5,
        "org.apache.hadoop.fs.crypto": 2,
        "org.apache.hadoop.fs.ftp": 6,
        "org.apache.hadoop.fs.http": 4,
        "org.apache.hadoop.fs.impl": 18,
        "org.apache.hadoop.fs.local": 4,
        "org.apache.hadoop.fs.permission": 23,
        "org.apache.hadoop.fs.protocolPB": 2,
        "org.apache.hadoop.fs.sftp": 6,
        "org.apache.hadoop.fs.shell": 74,
        "org.apache.hadoop.fs.shell.find": 17,
        "org.apache.hadoop.fs.statistics": 18,
        "org.apache.hadoop.fs.statistics.impl": 23,
        "org.apache.hadoop.fs.store": 18,
        "org.apache.hadoop.fs.store.audit": 8,
        "org.apache.hadoop.fs.viewfs": 58,
        "org.apache.hadoop.ha": 61,
        "org.apache.hadoop.ha.proto": 82,
        "org.apache.hadoop.ha.protocolPB": 8,
        "org.apache.hadoop.http": 23,
        "org.apache.hadoop.http.lib": 4,
        "org.apache.hadoop.io": 149,
        "org.apache.hadoop.io.compress": 35,
        "org.apache.hadoop.io.compress.bzip2": 14,
        "org.apache.hadoop.io.compress.lz4": 3,
        "org.apache.hadoop.io.compress.snappy": 4,
        "org.apache.hadoop.io.compress.zlib": 14,
        "org.apache.hadoop.io.compress.zstd": 4,
        "org.apache.hadoop.io.erasurecode": 10,
        "org.apache.hadoop.io.erasurecode.codec": 6,
        "org.apache.hadoop.io.erasurecode.coder": 18,
        "org.apache.hadoop.io.erasurecode.coder.util": 1,
        "org.apache.hadoop.io.erasurecode.grouper": 1,
        "org.apache.hadoop.io.erasurecode.rawcoder": 33,
        "org.apache.hadoop.io.erasurecode.rawcoder.util": 5,
        "org.apache.hadoop.io.file.tfile": 55,
        "org.apache.hadoop.io.nativeio": 17,
        "org.apache.hadoop.io.retry": 45,
        "org.apache.hadoop.io.serializer": 14,
        "org.apache.hadoop.io.serializer.avro": 6,
        "org.apache.hadoop.ipc": 139,
        "org.apache.hadoop.ipc.metrics": 5,
        "org.apache.hadoop.ipc.proto": 38,
        "org.apache.hadoop.ipc.protobuf": 91,
        "org.apache.hadoop.ipc.protocolPB": 6,
        "org.apache.hadoop.jmx": 2,
        "org.apache.hadoop.log": 10,
        "org.apache.hadoop.metrics2": 20,
        "org.apache.hadoop.metrics2.annotation": 4,
        "org.apache.hadoop.metrics2.filter": 4,
        "org.apache.hadoop.metrics2.impl": 36,
        "org.apache.hadoop.metrics2.lib": 45,
        "org.apache.hadoop.metrics2.sink": 9,
        "org.apache.hadoop.metrics2.sink.ganglia": 8,
        "org.apache.hadoop.metrics2.source": 4,
        "org.apache.hadoop.metrics2.util": 16,
        "org.apache.hadoop.net": 39,
        "org.apache.hadoop.net.unix": 11,
        "org.apache.hadoop.security": 85,
        "org.apache.hadoop.security.alias": 29,
        "org.apache.hadoop.security.authentication.client": 7,
        "org.apache.hadoop.security.authentication.server": 15,
        "org.apache.hadoop.security.authentication.util": 4,
        "org.apache.hadoop.security.authorize": 13,
        "org.apache.hadoop.security.http": 7,
        "org.apache.hadoop.security.proto": 80,
        "org.apache.hadoop.security.protocolPB": 6,
        "org.apache.hadoop.security.ssl": 18,
        "org.apache.hadoop.security.token": 23,
        "org.apache.hadoop.security.token.delegation": 12,
        "org.apache.hadoop.security.token.delegation.web": 22,
        "org.apache.hadoop.service": 13,
        "org.apache.hadoop.service.launcher": 14,
        "org.apache.hadoop.thirdparty.com.google.common.annotations": 1,
        "org.apache.hadoop.thirdparty.com.google.common.base": 8,
        "org.apache.hadoop.thirdparty.com.google.common.cache": 4,
        "org.apache.hadoop.thirdparty.com.google.common.collect": 13,
        "org.apache.hadoop.thirdparty.com.google.common.io": 2,
        "org.apache.hadoop.thirdparty.com.google.common.net": 1,
        "org.apache.hadoop.thirdparty.com.google.common.primitives": 2,
        "org.apache.hadoop.thirdparty.com.google.common.util.concurrent": 10,
        "org.apache.hadoop.thirdparty.protobuf": 61,
        "org.apache.hadoop.tools": 8,
        "org.apache.hadoop.tools.proto": 17,
        "org.apache.hadoop.tools.protocolPB": 3,
        "org.apache.hadoop.tracing": 49,
        "org.apache.hadoop.util": 190,
        "org.apache.hadoop.util.bloom": 8,
        "org.apache.hadoop.util.concurrent": 8,
        "org.apache.hadoop.util.curator": 3,
        "org.apache.hadoop.util.functional": 17,
        "org.apache.hadoop.util.hash": 3
    },
    "5bbca80428ffbe776650652de86a3bba885edb31": {
        "org.apache.hadoop": 1,
        "org.apache.hadoop.classification": 8,
        "org.apache.hadoop.conf": 36,
        "org.apache.hadoop.crypto": 19,
        "org.apache.hadoop.crypto.key": 39,
        "org.apache.hadoop.crypto.key.kms": 44,
        "org.apache.hadoop.crypto.random": 2,
        "org.apache.hadoop.fs": 278,
        "org.apache.hadoop.fs.crypto": 2,
        "org.apache.hadoop.fs.ftp": 6,
        "org.apache.hadoop.fs.http": 4,
        "org.apache.hadoop.fs.local": 4,
        "org.apache.hadoop.fs.permission": 23,
        "org.apache.hadoop.fs.protocolPB": 2,
        "org.apache.hadoop.fs.sftp": 5,
        "org.apache.hadoop.fs.shell": 71,
        "org.apache.hadoop.fs.shell.find": 17,
        "org.apache.hadoop.fs.viewfs": 38,
        "org.apache.hadoop.ha": 61,
        "org.apache.hadoop.ha.proto": 74,
        "org.apache.hadoop.ha.protocolPB": 8,
        "org.apache.hadoop.http": 20,
        "org.apache.hadoop.http.lib": 4,
        "org.apache.hadoop.io": 151,
        "org.apache.hadoop.io.compress": 33,
        "org.apache.hadoop.io.compress.bzip2": 14,
        "org.apache.hadoop.io.compress.lz4": 3,
        "org.apache.hadoop.io.compress.snappy": 4,
        "org.apache.hadoop.io.compress.zlib": 13,
        "org.apache.hadoop.io.compress.zstd": 4,
        "org.apache.hadoop.io.erasurecode": 10,
        "org.apache.hadoop.io.erasurecode.codec": 6,
        "org.apache.hadoop.io.erasurecode.coder": 18,
        "org.apache.hadoop.io.erasurecode.coder.util": 1,
        "org.apache.hadoop.io.erasurecode.grouper": 1,
        "org.apache.hadoop.io.erasurecode.rawcoder": 31,
        "org.apache.hadoop.io.erasurecode.rawcoder.util": 5,
        "org.apache.hadoop.io.file.tfile": 55,
        "org.apache.hadoop.io.nativeio": 14,
        "org.apache.hadoop.io.retry": 45,
        "org.apache.hadoop.io.serializer": 14,
        "org.apache.hadoop.io.serializer.avro": 6,
        "org.apache.hadoop.ipc": 120,
        "org.apache.hadoop.ipc.metrics": 4,
        "org.apache.hadoop.ipc.proto": 38,
        "org.apache.hadoop.ipc.protobuf": 85,
        "org.apache.hadoop.ipc.protocolPB": 6,
        "org.apache.hadoop.jmx": 2,
        "org.apache.hadoop.log": 6,
        "org.apache.hadoop.log.metrics": 3,
        "org.apache.hadoop.metrics2": 20,
        "org.apache.hadoop.metrics2.annotation": 4,
        "org.apache.hadoop.metrics2.filter": 4,
        "org.apache.hadoop.metrics2.impl": 36,
        "org.apache.hadoop.metrics2.lib": 45,
        "org.apache.hadoop.metrics2.sink": 8,
        "org.apache.hadoop.metrics2.sink.ganglia": 8,
        "org.apache.hadoop.metrics2.source": 4,
        "org.apache.hadoop.metrics2.util": 16,
        "org.apache.hadoop.net": 36,
        "org.apache.hadoop.net.unix": 11,
        "org.apache.hadoop.security": 73,
        "org.apache.hadoop.security.alias": 20,
        "org.apache.hadoop.security.authentication.client": 7,
        "org.apache.hadoop.security.authentication.server": 9,
        "org.apache.hadoop.security.authentication.util": 4,
        "org.apache.hadoop.security.authorize": 13,
        "org.apache.hadoop.security.http": 7,
        "org.apache.hadoop.security.proto": 80,
        "org.apache.hadoop.security.protocolPB": 6,
        "org.apache.hadoop.security.ssl": 13,
        "org.apache.hadoop.security.token": 21,
        "org.apache.hadoop.security.token.delegation": 14,
        "org.apache.hadoop.security.token.delegation.web": 22,
        "org.apache.hadoop.service": 13,
        "org.apache.hadoop.service.launcher": 14,
        "org.apache.hadoop.tools": 8,
        "org.apache.hadoop.tools.proto": 17,
        "org.apache.hadoop.tools.protocolPB": 3,
        "org.apache.hadoop.tracing": 52,
        "org.apache.hadoop.util": 162,
        "org.apache.hadoop.util.bloom": 8,
        "org.apache.hadoop.util.concurrent": 8,
        "org.apache.hadoop.util.curator": 6,
        "org.apache.hadoop.util.hash": 3
    },
    "6316e662791c3fe19ce43550a57ae4e9beac05ad": {
        "org.apache.hadoop": 3,
        "org.apache.hadoop.alfredo.server": 1,
        "org.apache.hadoop.alfredo.util": 1,
        "org.apache.hadoop.classification": 8,
        "org.apache.hadoop.conf": 15,
        "org.apache.hadoop.fs": 147,
        "org.apache.hadoop.fs.ftp": 6,
        "org.apache.hadoop.fs.kfs": 6,
        "org.apache.hadoop.fs.local": 4,
        "org.apache.hadoop.fs.permission": 11,
        "org.apache.hadoop.fs.s3": 18,
        "org.apache.hadoop.fs.s3native": 8,
        "org.apache.hadoop.fs.shell": 56,
        "org.apache.hadoop.fs.viewfs": 21,
        "org.apache.hadoop.http": 11,
        "org.apache.hadoop.http.lib": 4,
        "org.apache.hadoop.io": 134,
        "org.apache.hadoop.io.compress": 27,
        "org.apache.hadoop.io.compress.bzip2": 11,
        "org.apache.hadoop.io.compress.snappy": 3,
        "org.apache.hadoop.io.compress.zlib": 12,
        "org.apache.hadoop.io.file.tfile": 55,
        "org.apache.hadoop.io.nativeio": 4,
        "org.apache.hadoop.io.retry": 20,
        "org.apache.hadoop.io.serializer": 14,
        "org.apache.hadoop.io.serializer.avro": 6,
        "org.apache.hadoop.ipc": 49,
        "org.apache.hadoop.ipc.metrics": 3,
        "org.apache.hadoop.jmx": 1,
        "org.apache.hadoop.log": 3,
        "org.apache.hadoop.log.metrics": 3,
        "org.apache.hadoop.metrics": 8,
        "org.apache.hadoop.metrics.file": 1,
        "org.apache.hadoop.metrics.ganglia": 2,
        "org.apache.hadoop.metrics.jvm": 3,
        "org.apache.hadoop.metrics.spi": 14,
        "org.apache.hadoop.metrics.util": 12,
        "org.apache.hadoop.metrics2": 18,
        "org.apache.hadoop.metrics2.annotation": 4,
        "org.apache.hadoop.metrics2.filter": 4,
        "org.apache.hadoop.metrics2.impl": 35,
        "org.apache.hadoop.metrics2.lib": 35,
        "org.apache.hadoop.metrics2.sink": 2,
        "org.apache.hadoop.metrics2.sink.ganglia": 8,
        "org.apache.hadoop.metrics2.source": 4,
        "org.apache.hadoop.metrics2.util": 9,
        "org.apache.hadoop.net": 21,
        "org.apache.hadoop.record": 22,
        "org.apache.hadoop.record.compiler": 50,
        "org.apache.hadoop.record.compiler.ant": 1,
        "org.apache.hadoop.record.compiler.generated": 7,
        "org.apache.hadoop.record.meta": 8,
        "org.apache.hadoop.security": 41,
        "org.apache.hadoop.security.authorize": 9,
        "org.apache.hadoop.security.token": 7,
        "org.apache.hadoop.security.token.delegation": 7,
        "org.apache.hadoop.tools": 2,
        "org.apache.hadoop.util": 60,
        "org.apache.hadoop.util.bloom": 8,
        "org.apache.hadoop.util.hash": 3
    },
    "6ba8fd7e8e038351fc14f6096ea2216ce2abe918": {
        "org.apache.hadoop": 1,
        "org.apache.hadoop.classification": 8,
        "org.apache.hadoop.conf": 30,
        "org.apache.hadoop.crypto": 18,
        "org.apache.hadoop.crypto.key": 38,
        "org.apache.hadoop.crypto.key.kms": 17,
        "org.apache.hadoop.crypto.random": 2,
        "org.apache.hadoop.fs": 212,
        "org.apache.hadoop.fs.crypto": 2,
        "org.apache.hadoop.fs.ftp": 6,
        "org.apache.hadoop.fs.local": 4,
        "org.apache.hadoop.fs.permission": 20,
        "org.apache.hadoop.fs.shell": 65,
        "org.apache.hadoop.fs.shell.find": 17,
        "org.apache.hadoop.fs.viewfs": 22,
        "org.apache.hadoop.ha": 59,
        "org.apache.hadoop.ha.proto": 74,
        "org.apache.hadoop.ha.protocolPB": 8,
        "org.apache.hadoop.http": 19,
        "org.apache.hadoop.http.lib": 4,
        "org.apache.hadoop.io": 147,
        "org.apache.hadoop.io.compress": 32,
        "org.apache.hadoop.io.compress.bzip2": 14,
        "org.apache.hadoop.io.compress.lz4": 3,
        "org.apache.hadoop.io.compress.snappy": 4,
        "org.apache.hadoop.io.compress.zlib": 13,
        "org.apache.hadoop.io.file.tfile": 55,
        "org.apache.hadoop.io.nativeio": 14,
        "org.apache.hadoop.io.retry": 28,
        "org.apache.hadoop.io.serializer": 14,
        "org.apache.hadoop.io.serializer.avro": 6,
        "org.apache.hadoop.ipc": 102,
        "org.apache.hadoop.ipc.metrics": 4,
        "org.apache.hadoop.ipc.proto": 38,
        "org.apache.hadoop.ipc.protobuf": 81,
        "org.apache.hadoop.ipc.protocolPB": 6,
        "org.apache.hadoop.jmx": 1,
        "org.apache.hadoop.log": 3,
        "org.apache.hadoop.log.metrics": 3,
        "org.apache.hadoop.metrics": 8,
        "org.apache.hadoop.metrics.ganglia": 2,
        "org.apache.hadoop.metrics.jvm": 3,
        "org.apache.hadoop.metrics.spi": 14,
        "org.apache.hadoop.metrics.util": 12,
        "org.apache.hadoop.metrics2": 18,
        "org.apache.hadoop.metrics2.annotation": 4,
        "org.apache.hadoop.metrics2.filter": 4,
        "org.apache.hadoop.metrics2.impl": 36,
        "org.apache.hadoop.metrics2.lib": 37,
        "org.apache.hadoop.metrics2.sink": 3,
        "org.apache.hadoop.metrics2.sink.ganglia": 8,
        "org.apache.hadoop.metrics2.source": 4,
        "org.apache.hadoop.metrics2.util": 12,
        "org.apache.hadoop.net": 33,
        "org.apache.hadoop.net.unix": 10,
        "org.apache.hadoop.security": 63,
        "org.apache.hadoop.security.alias": 16,
        "org.apache.hadoop.security.authentication.client": 7,
        "org.apache.hadoop.security.authentication.server": 5,
        "org.apache.hadoop.security.authentication.util": 3,
        "org.apache.hadoop.security.authorize": 13,
        "org.apache.hadoop.security.proto": 72,
        "org.apache.hadoop.security.protocolPB": 6,
        "org.apache.hadoop.security.ssl": 14,
        "org.apache.hadoop.security.token": 11,
        "org.apache.hadoop.security.token.delegation": 14,
        "org.apache.hadoop.security.token.delegation.web": 21,
        "org.apache.hadoop.service": 13,
        "org.apache.hadoop.tools": 7,
        "org.apache.hadoop.tools.proto": 17,
        "org.apache.hadoop.tools.protocolPB": 3,
        "org.apache.hadoop.tracing": 54,
        "org.apache.hadoop.util": 128,
        "org.apache.hadoop.util.bloom": 8,
        "org.apache.hadoop.util.hash": 3
    },
    "783e4805e7ef46da6095e0375fe8dd5e9cd26e85": {
        "org.apache.hadoop": 1,
        "org.apache.hadoop.classification": 8,
        "org.apache.hadoop.conf": 43,
        "org.apache.hadoop.crypto": 22,
        "org.apache.hadoop.crypto.key": 40,
        "org.apache.hadoop.crypto.key.kms": 46,
        "org.apache.hadoop.crypto.random": 2,
        "org.apache.hadoop.fs": 319,
        "org.apache.hadoop.fs.audit": 5,
        "org.apache.hadoop.fs.crypto": 2,
        "org.apache.hadoop.fs.ftp": 6,
        "org.apache.hadoop.fs.http": 4,
        "org.apache.hadoop.fs.impl": 18,
        "org.apache.hadoop.fs.local": 4,
        "org.apache.hadoop.fs.permission": 23,
        "org.apache.hadoop.fs.protocolPB": 2,
        "org.apache.hadoop.fs.sftp": 6,
        "org.apache.hadoop.fs.shell": 74,
        "org.apache.hadoop.fs.shell.find": 17,
        "org.apache.hadoop.fs.statistics": 18,
        "org.apache.hadoop.fs.statistics.impl": 23,
        "org.apache.hadoop.fs.store": 18,
        "org.apache.hadoop.fs.store.audit": 8,
        "org.apache.hadoop.fs.viewfs": 58,
        "org.apache.hadoop.ha": 61,
        "org.apache.hadoop.ha.proto": 82,
        "org.apache.hadoop.ha.protocolPB": 8,
        "org.apache.hadoop.http": 23,
        "org.apache.hadoop.http.lib": 4,
        "org.apache.hadoop.io": 149,
        "org.apache.hadoop.io.compress": 35,
        "org.apache.hadoop.io.compress.bzip2": 14,
        "org.apache.hadoop.io.compress.lz4": 3,
        "org.apache.hadoop.io.compress.snappy": 4,
        "org.apache.hadoop.io.compress.zlib": 14,
        "org.apache.hadoop.io.compress.zstd": 4,
        "org.apache.hadoop.io.erasurecode": 10,
        "org.apache.hadoop.io.erasurecode.codec": 6,
        "org.apache.hadoop.io.erasurecode.coder": 18,
        "org.apache.hadoop.io.erasurecode.coder.util": 1,
        "org.apache.hadoop.io.erasurecode.grouper": 1,
        "org.apache.hadoop.io.erasurecode.rawcoder": 33,
        "org.apache.hadoop.io.erasurecode.rawcoder.util": 5,
        "org.apache.hadoop.io.file.tfile": 55,
        "org.apache.hadoop.io.nativeio": 17,
        "org.apache.hadoop.io.retry": 45,
        "org.apache.hadoop.io.serializer": 14,
        "org.apache.hadoop.io.serializer.avro": 6,
        "org.apache.hadoop.ipc": 139,
        "org.apache.hadoop.ipc.metrics": 5,
        "org.apache.hadoop.ipc.proto": 38,
        "org.apache.hadoop.ipc.protobuf": 91,
        "org.apache.hadoop.ipc.protocolPB": 6,
        "org.apache.hadoop.jmx": 2,
        "org.apache.hadoop.log": 10,
        "org.apache.hadoop.metrics2": 20,
        "org.apache.hadoop.metrics2.annotation": 4,
        "org.apache.hadoop.metrics2.filter": 4,
        "org.apache.hadoop.metrics2.impl": 36,
        "org.apache.hadoop.metrics2.lib": 45,
        "org.apache.hadoop.metrics2.sink": 9,
        "org.apache.hadoop.metrics2.sink.ganglia": 8,
        "org.apache.hadoop.metrics2.source": 4,
        "org.apache.hadoop.metrics2.util": 16,
        "org.apache.hadoop.net": 39,
        "org.apache.hadoop.net.unix": 11,
        "org.apache.hadoop.security": 85,
        "org.apache.hadoop.security.alias": 29,
        "org.apache.hadoop.security.authentication.client": 7,
        "org.apache.hadoop.security.authentication.server": 15,
        "org.apache.hadoop.security.authentication.util": 4,
        "org.apache.hadoop.security.authorize": 13,
        "org.apache.hadoop.security.http": 7,
        "org.apache.hadoop.security.proto": 80,
        "org.apache.hadoop.security.protocolPB": 6,
        "org.apache.hadoop.security.ssl": 18,
        "org.apache.hadoop.security.token": 23,
        "org.apache.hadoop.security.token.delegation": 12,
        "org.apache.hadoop.security.token.delegation.web": 22,
        "org.apache.hadoop.service": 13,
        "org.apache.hadoop.service.launcher": 14,
        "org.apache.hadoop.thirdparty.com.google.common.annotations": 1,
        "org.apache.hadoop.thirdparty.com.google.common.base": 8,
        "org.apache.hadoop.thirdparty.com.google.common.cache": 4,
        "org.apache.hadoop.thirdparty.com.google.common.collect": 13,
        "org.apache.hadoop.thirdparty.com.google.common.io": 2,
        "org.apache.hadoop.thirdparty.com.google.common.net": 1,
        "org.apache.hadoop.thirdparty.com.google.common.primitives": 2,
        "org.apache.hadoop.thirdparty.com.google.common.util.concurrent": 10,
        "org.apache.hadoop.thirdparty.protobuf": 61,
        "org.apache.hadoop.tools": 8,
        "org.apache.hadoop.tools.proto": 17,
        "org.apache.hadoop.tools.protocolPB": 3,
        "org.apache.hadoop.tracing": 49,
        "org.apache.hadoop.util": 190,
        "org.apache.hadoop.util.bloom": 8,
        "org.apache.hadoop.util.concurrent": 8,
        "org.apache.hadoop.util.curator": 3,
        "org.apache.hadoop.util.functional": 17,
        "org.apache.hadoop.util.hash": 3
    },
    "81bc395deb3ba00567dc067d6ca71bacf9e3bc82": {
        "org.apache.hadoop": 1,
        "org.apache.hadoop.classification": 8,
        "org.apache.hadoop.conf": 28,
        "org.apache.hadoop.crypto.key": 19,
        "org.apache.hadoop.crypto.key.kms": 5,
        "org.apache.hadoop.fs": 207,
        "org.apache.hadoop.fs.ftp": 6,
        "org.apache.hadoop.fs.local": 4,
        "org.apache.hadoop.fs.permission": 21,
        "org.apache.hadoop.fs.s3": 18,
        "org.apache.hadoop.fs.s3native": 8,
        "org.apache.hadoop.fs.shell": 64,
        "org.apache.hadoop.fs.viewfs": 22,
        "org.apache.hadoop.ha": 59,
        "org.apache.hadoop.ha.proto": 74,
        "org.apache.hadoop.ha.protocolPB": 8,
        "org.apache.hadoop.http": 19,
        "org.apache.hadoop.http.lib": 4,
        "org.apache.hadoop.io": 147,
        "org.apache.hadoop.io.compress": 31,
        "org.apache.hadoop.io.compress.bzip2": 14,
        "org.apache.hadoop.io.compress.lz4": 3,
        "org.apache.hadoop.io.compress.snappy": 4,
        "org.apache.hadoop.io.compress.zlib": 13,
        "org.apache.hadoop.io.file.tfile": 55,
        "org.apache.hadoop.io.nativeio": 14,
        "org.apache.hadoop.io.retry": 28,
        "org.apache.hadoop.io.serializer": 14,
        "org.apache.hadoop.io.serializer.avro": 6,
        "org.apache.hadoop.ipc": 87,
        "org.apache.hadoop.ipc.metrics": 4,
        "org.apache.hadoop.ipc.proto": 17,
        "org.apache.hadoop.ipc.protobuf": 77,
        "org.apache.hadoop.ipc.protocolPB": 3,
        "org.apache.hadoop.jmx": 1,
        "org.apache.hadoop.log": 3,
        "org.apache.hadoop.log.metrics": 3,
        "org.apache.hadoop.metrics": 8,
        "org.apache.hadoop.metrics.file": 1,
        "org.apache.hadoop.metrics.ganglia": 2,
        "org.apache.hadoop.metrics.jvm": 3,
        "org.apache.hadoop.metrics.spi": 14,
        "org.apache.hadoop.metrics.util": 12,
        "org.apache.hadoop.metrics2": 18,
        "org.apache.hadoop.metrics2.annotation": 4,
        "org.apache.hadoop.metrics2.filter": 4,
        "org.apache.hadoop.metrics2.impl": 36,
        "org.apache.hadoop.metrics2.lib": 37,
        "org.apache.hadoop.metrics2.sink": 3,
        "org.apache.hadoop.metrics2.sink.ganglia": 8,
        "org.apache.hadoop.metrics2.source": 4,
        "org.apache.hadoop.metrics2.util": 12,
        "org.apache.hadoop.net": 33,
        "org.apache.hadoop.net.unix": 10,
        "org.apache.hadoop.security": 53,
        "org.apache.hadoop.security.authentication.client": 6,
        "org.apache.hadoop.security.authentication.server": 2,
        "org.apache.hadoop.security.authentication.util": 2,
        "org.apache.hadoop.security.authorize": 13,
        "org.apache.hadoop.security.proto": 72,
        "org.apache.hadoop.security.protocolPB": 6,
        "org.apache.hadoop.security.ssl": 13,
        "org.apache.hadoop.security.token": 11,
        "org.apache.hadoop.security.token.delegation": 8,
        "org.apache.hadoop.service": 13,
        "org.apache.hadoop.tools": 3,
        "org.apache.hadoop.tools.proto": 17,
        "org.apache.hadoop.tools.protocolPB": 3,
        "org.apache.hadoop.util": 112,
        "org.apache.hadoop.util.bloom": 8,
        "org.apache.hadoop.util.hash": 3
    },
    "a0f120ce68dddb0cb31b64c89f3224313f3cb5af": {
        "org.apache.hadoop": 3,
        "org.apache.hadoop.alfredo.server": 1,
        "org.apache.hadoop.alfredo.util": 1,
        "org.apache.hadoop.classification": 8,
        "org.apache.hadoop.conf": 15,
        "org.apache.hadoop.fs": 147,
        "org.apache.hadoop.fs.ftp": 6,
        "org.apache.hadoop.fs.kfs": 6,
        "org.apache.hadoop.fs.local": 4,
        "org.apache.hadoop.fs.permission": 11,
        "org.apache.hadoop.fs.s3": 18,
        "org.apache.hadoop.fs.s3native": 8,
        "org.apache.hadoop.fs.shell": 56,
        "org.apache.hadoop.fs.viewfs": 21,
        "org.apache.hadoop.http": 11,
        "org.apache.hadoop.http.lib": 4,
        "org.apache.hadoop.io": 134,
        "org.apache.hadoop.io.compress": 27,
        "org.apache.hadoop.io.compress.bzip2": 11,
        "org.apache.hadoop.io.compress.snappy": 3,
        "org.apache.hadoop.io.compress.zlib": 12,
        "org.apache.hadoop.io.file.tfile": 55,
        "org.apache.hadoop.io.nativeio": 4,
        "org.apache.hadoop.io.retry": 20,
        "org.apache.hadoop.io.serializer": 14,
        "org.apache.hadoop.io.serializer.avro": 6,
        "org.apache.hadoop.ipc": 49,
        "org.apache.hadoop.ipc.metrics": 3,
        "org.apache.hadoop.jmx": 1,
        "org.apache.hadoop.log": 3,
        "org.apache.hadoop.log.metrics": 3,
        "org.apache.hadoop.metrics": 8,
        "org.apache.hadoop.metrics.file": 1,
        "org.apache.hadoop.metrics.ganglia": 2,
        "org.apache.hadoop.metrics.jvm": 3,
        "org.apache.hadoop.metrics.spi": 14,
        "org.apache.hadoop.metrics.util": 12,
        "org.apache.hadoop.metrics2": 18,
        "org.apache.hadoop.metrics2.annotation": 4,
        "org.apache.hadoop.metrics2.filter": 4,
        "org.apache.hadoop.metrics2.impl": 35,
        "org.apache.hadoop.metrics2.lib": 35,
        "org.apache.hadoop.metrics2.sink": 2,
        "org.apache.hadoop.metrics2.sink.ganglia": 8,
        "org.apache.hadoop.metrics2.source": 4,
        "org.apache.hadoop.metrics2.util": 9,
        "org.apache.hadoop.net": 21,
        "org.apache.hadoop.record": 22,
        "org.apache.hadoop.record.compiler": 50,
        "org.apache.hadoop.record.compiler.ant": 1,
        "org.apache.hadoop.record.compiler.generated": 7,
        "org.apache.hadoop.record.meta": 8,
        "org.apache.hadoop.security": 45,
        "org.apache.hadoop.security.authorize": 9,
        "org.apache.hadoop.security.token": 7,
        "org.apache.hadoop.security.token.delegation": 7,
        "org.apache.hadoop.tools": 2,
        "org.apache.hadoop.util": 60,
        "org.apache.hadoop.util.bloom": 8,
        "org.apache.hadoop.util.hash": 3
    },
    "acd3ab521f957929c2acf7868e7c17e9088fa1b4": {
        "org.apache.hadoop": 3,
        "org.apache.hadoop.classification": 8,
        "org.apache.hadoop.conf": 15,
        "org.apache.hadoop.fs": 147,
        "org.apache.hadoop.fs.ftp": 6,
        "org.apache.hadoop.fs.kfs": 6,
        "org.apache.hadoop.fs.local": 4,
        "org.apache.hadoop.fs.permission": 11,
        "org.apache.hadoop.fs.s3": 18,
        "org.apache.hadoop.fs.s3native": 8,
        "org.apache.hadoop.fs.shell": 56,
        "org.apache.hadoop.fs.viewfs": 21,
        "org.apache.hadoop.http": 11,
        "org.apache.hadoop.http.lib": 4,
        "org.apache.hadoop.io": 132,
        "org.apache.hadoop.io.compress": 27,
        "org.apache.hadoop.io.compress.bzip2": 11,
        "org.apache.hadoop.io.compress.snappy": 3,
        "org.apache.hadoop.io.compress.zlib": 12,
        "org.apache.hadoop.io.file.tfile": 55,
        "org.apache.hadoop.io.nativeio": 4,
        "org.apache.hadoop.io.retry": 20,
        "org.apache.hadoop.io.serializer": 14,
        "org.apache.hadoop.io.serializer.avro": 6,
        "org.apache.hadoop.ipc": 49,
        "org.apache.hadoop.ipc.metrics": 3,
        "org.apache.hadoop.jmx": 1,
        "org.apache.hadoop.log": 3,
        "org.apache.hadoop.log.metrics": 3,
        "org.apache.hadoop.metrics": 8,
        "org.apache.hadoop.metrics.file": 1,
        "org.apache.hadoop.metrics.ganglia": 2,
        "org.apache.hadoop.metrics.jvm": 3,
        "org.apache.hadoop.metrics.spi": 14,
        "org.apache.hadoop.metrics.util": 12,
        "org.apache.hadoop.metrics2": 18,
        "org.apache.hadoop.metrics2.annotation": 4,
        "org.apache.hadoop.metrics2.filter": 4,
        "org.apache.hadoop.metrics2.impl": 35,
        "org.apache.hadoop.metrics2.lib": 35,
        "org.apache.hadoop.metrics2.sink": 2,
        "org.apache.hadoop.metrics2.sink.ganglia": 8,
        "org.apache.hadoop.metrics2.source": 4,
        "org.apache.hadoop.metrics2.util": 9,
        "org.apache.hadoop.net": 21,
        "org.apache.hadoop.record": 22,
        "org.apache.hadoop.record.compiler": 50,
        "org.apache.hadoop.record.compiler.ant": 1,
        "org.apache.hadoop.record.compiler.generated": 7,
        "org.apache.hadoop.record.meta": 8,
        "org.apache.hadoop.security": 43,
        "org.apache.hadoop.security.authorize": 9,
        "org.apache.hadoop.security.token": 7,
        "org.apache.hadoop.security.token.delegation": 7,
        "org.apache.hadoop.tools": 2,
        "org.apache.hadoop.util": 63,
        "org.apache.hadoop.util.bloom": 8,
        "org.apache.hadoop.util.hash": 3
    },
    "b214bbd2d92a0c02b71d352dba85f3b87317933c": {
        "org.apache.hadoop": 1,
        "org.apache.hadoop.classification": 8,
        "org.apache.hadoop.conf": 43,
        "org.apache.hadoop.crypto": 19,
        "org.apache.hadoop.crypto.key": 40,
        "org.apache.hadoop.crypto.key.kms": 46,
        "org.apache.hadoop.crypto.random": 2,
        "org.apache.hadoop.fs": 318,
        "org.apache.hadoop.fs.crypto": 2,
        "org.apache.hadoop.fs.ftp": 6,
        "org.apache.hadoop.fs.http": 4,
        "org.apache.hadoop.fs.impl": 13,
        "org.apache.hadoop.fs.local": 4,
        "org.apache.hadoop.fs.permission": 23,
        "org.apache.hadoop.fs.protocolPB": 2,
        "org.apache.hadoop.fs.sftp": 6,
        "org.apache.hadoop.fs.shell": 74,
        "org.apache.hadoop.fs.shell.find": 17,
        "org.apache.hadoop.fs.store": 2,
        "org.apache.hadoop.fs.viewfs": 44,
        "org.apache.hadoop.ha": 61,
        "org.apache.hadoop.ha.proto": 82,
        "org.apache.hadoop.ha.protocolPB": 8,
        "org.apache.hadoop.http": 22,
        "org.apache.hadoop.http.lib": 4,
        "org.apache.hadoop.io": 149,
        "org.apache.hadoop.io.compress": 37,
        "org.apache.hadoop.io.compress.bzip2": 14,
        "org.apache.hadoop.io.compress.lz4": 3,
        "org.apache.hadoop.io.compress.snappy": 4,
        "org.apache.hadoop.io.compress.zlib": 13,
        "org.apache.hadoop.io.compress.zstd": 4,
        "org.apache.hadoop.io.erasurecode": 10,
        "org.apache.hadoop.io.erasurecode.codec": 6,
        "org.apache.hadoop.io.erasurecode.coder": 18,
        "org.apache.hadoop.io.erasurecode.coder.util": 1,
        "org.apache.hadoop.io.erasurecode.grouper": 1,
        "org.apache.hadoop.io.erasurecode.rawcoder": 31,
        "org.apache.hadoop.io.erasurecode.rawcoder.util": 5,
        "org.apache.hadoop.io.file.tfile": 55,
        "org.apache.hadoop.io.nativeio": 17,
        "org.apache.hadoop.io.retry": 45,
        "org.apache.hadoop.io.serializer": 14,
        "org.apache.hadoop.io.serializer.avro": 6,
        "org.apache.hadoop.ipc": 131,
        "org.apache.hadoop.ipc.metrics": 5,
        "org.apache.hadoop.ipc.proto": 38,
        "org.apache.hadoop.ipc.protobuf": 85,
        "org.apache.hadoop.ipc.protocolPB": 6,
        "org.apache.hadoop.jmx": 2,
        "org.apache.hadoop.log": 11,
        "org.apache.hadoop.log.metrics": 3,
        "org.apache.hadoop.metrics2": 20,
        "org.apache.hadoop.metrics2.annotation": 4,
        "org.apache.hadoop.metrics2.filter": 4,
        "org.apache.hadoop.metrics2.impl": 36,
        "org.apache.hadoop.metrics2.lib": 45,
        "org.apache.hadoop.metrics2.sink": 9,
        "org.apache.hadoop.metrics2.sink.ganglia": 8,
        "org.apache.hadoop.metrics2.source": 4,
        "org.apache.hadoop.metrics2.util": 16,
        "org.apache.hadoop.net": 40,
        "org.apache.hadoop.net.unix": 11,
        "org.apache.hadoop.security": 86,
        "org.apache.hadoop.security.alias": 21,
        "org.apache.hadoop.security.authentication.client": 7,
        "org.apache.hadoop.security.authentication.server": 15,
        "org.apache.hadoop.security.authentication.util": 4,
        "org.apache.hadoop.security.authorize": 13,
        "org.apache.hadoop.security.http": 7,
        "org.apache.hadoop.security.proto": 80,
        "org.apache.hadoop.security.protocolPB": 6,
        "org.apache.hadoop.security.ssl": 16,
        "org.apache.hadoop.security.token": 23,
        "org.apache.hadoop.security.token.delegation": 14,
        "org.apache.hadoop.security.token.delegation.web": 22,
        "org.apache.hadoop.service": 13,
        "org.apache.hadoop.service.launcher": 14,
        "org.apache.hadoop.thirdparty.protobuf": 55,
        "org.apache.hadoop.tools": 8,
        "org.apache.hadoop.tools.proto": 17,
        "org.apache.hadoop.tools.protocolPB": 3,
        "org.apache.hadoop.tracing": 52,
        "org.apache.hadoop.util": 185,
        "org.apache.hadoop.util.bloom": 8,
        "org.apache.hadoop.util.concurrent": 8,
        "org.apache.hadoop.util.curator": 6,
        "org.apache.hadoop.util.hash": 3
    },
    "b77bc477b5619e8fef8ed02da6042ea0d0c2de4d": {
        "org.apache.hadoop": 3,
        "org.apache.hadoop.alfredo.server": 1,
        "org.apache.hadoop.alfredo.util": 1,
        "org.apache.hadoop.classification": 8,
        "org.apache.hadoop.conf": 15,
        "org.apache.hadoop.fs": 147,
        "org.apache.hadoop.fs.ftp": 6,
        "org.apache.hadoop.fs.kfs": 6,
        "org.apache.hadoop.fs.local": 4,
        "org.apache.hadoop.fs.permission": 11,
        "org.apache.hadoop.fs.s3": 18,
        "org.apache.hadoop.fs.s3native": 8,
        "org.apache.hadoop.fs.shell": 56,
        "org.apache.hadoop.fs.viewfs": 21,
        "org.apache.hadoop.http": 11,
        "org.apache.hadoop.http.lib": 4,
        "org.apache.hadoop.io": 134,
        "org.apache.hadoop.io.compress": 27,
        "org.apache.hadoop.io.compress.bzip2": 11,
        "org.apache.hadoop.io.compress.snappy": 3,
        "org.apache.hadoop.io.compress.zlib": 12,
        "org.apache.hadoop.io.file.tfile": 55,
        "org.apache.hadoop.io.nativeio": 4,
        "org.apache.hadoop.io.retry": 20,
        "org.apache.hadoop.io.serializer": 14,
        "org.apache.hadoop.io.serializer.avro": 6,
        "org.apache.hadoop.ipc": 49,
        "org.apache.hadoop.ipc.metrics": 3,
        "org.apache.hadoop.jmx": 1,
        "org.apache.hadoop.log": 3,
        "org.apache.hadoop.log.metrics": 3,
        "org.apache.hadoop.metrics": 8,
        "org.apache.hadoop.metrics.file": 1,
        "org.apache.hadoop.metrics.ganglia": 2,
        "org.apache.hadoop.metrics.jvm": 3,
        "org.apache.hadoop.metrics.spi": 14,
        "org.apache.hadoop.metrics.util": 12,
        "org.apache.hadoop.metrics2": 18,
        "org.apache.hadoop.metrics2.annotation": 4,
        "org.apache.hadoop.metrics2.filter": 4,
        "org.apache.hadoop.metrics2.impl": 35,
        "org.apache.hadoop.metrics2.lib": 35,
        "org.apache.hadoop.metrics2.sink": 2,
        "org.apache.hadoop.metrics2.sink.ganglia": 8,
        "org.apache.hadoop.metrics2.source": 4,
        "org.apache.hadoop.metrics2.util": 9,
        "org.apache.hadoop.net": 21,
        "org.apache.hadoop.record": 22,
        "org.apache.hadoop.record.compiler": 50,
        "org.apache.hadoop.record.compiler.ant": 1,
        "org.apache.hadoop.record.compiler.generated": 7,
        "org.apache.hadoop.record.meta": 8,
        "org.apache.hadoop.security": 41,
        "org.apache.hadoop.security.authorize": 9,
        "org.apache.hadoop.security.token": 7,
        "org.apache.hadoop.security.token.delegation": 7,
        "org.apache.hadoop.tools": 2,
        "org.apache.hadoop.util": 60,
        "org.apache.hadoop.util.bloom": 8,
        "org.apache.hadoop.util.hash": 3
    },
    "cd894ca890e57c20ea8ec4578ae52248b555fcc0": {
        "org.apache.hadoop": 1,
        "org.apache.hadoop.classification": 8,
        "org.apache.hadoop.conf": 28,
        "org.apache.hadoop.crypto.key": 19,
        "org.apache.hadoop.crypto.key.kms": 5,
        "org.apache.hadoop.fs": 207,
        "org.apache.hadoop.fs.ftp": 6,
        "org.apache.hadoop.fs.local": 4,
        "org.apache.hadoop.fs.permission": 21,
        "org.apache.hadoop.fs.s3": 18,
        "org.apache.hadoop.fs.s3native": 8,
        "org.apache.hadoop.fs.shell": 65,
        "org.apache.hadoop.fs.viewfs": 22,
        "org.apache.hadoop.ha": 59,
        "org.apache.hadoop.ha.proto": 74,
        "org.apache.hadoop.ha.protocolPB": 8,
        "org.apache.hadoop.http": 19,
        "org.apache.hadoop.http.lib": 4,
        "org.apache.hadoop.io": 147,
        "org.apache.hadoop.io.compress": 31,
        "org.apache.hadoop.io.compress.bzip2": 14,
        "org.apache.hadoop.io.compress.lz4": 3,
        "org.apache.hadoop.io.compress.snappy": 4,
        "org.apache.hadoop.io.compress.zlib": 13,
        "org.apache.hadoop.io.file.tfile": 55,
        "org.apache.hadoop.io.nativeio": 14,
        "org.apache.hadoop.io.retry": 28,
        "org.apache.hadoop.io.serializer": 14,
        "org.apache.hadoop.io.serializer.avro": 6,
        "org.apache.hadoop.ipc": 92,
        "org.apache.hadoop.ipc.metrics": 4,
        "org.apache.hadoop.ipc.proto": 38,
        "org.apache.hadoop.ipc.protobuf": 77,
        "org.apache.hadoop.ipc.protocolPB": 6,
        "org.apache.hadoop.jmx": 1,
        "org.apache.hadoop.log": 3,
        "org.apache.hadoop.log.metrics": 3,
        "org.apache.hadoop.metrics": 8,
        "org.apache.hadoop.metrics.file": 1,
        "org.apache.hadoop.metrics.ganglia": 2,
        "org.apache.hadoop.metrics.jvm": 3,
        "org.apache.hadoop.metrics.spi": 14,
        "org.apache.hadoop.metrics.util": 12,
        "org.apache.hadoop.metrics2": 18,
        "org.apache.hadoop.metrics2.annotation": 4,
        "org.apache.hadoop.metrics2.filter": 4,
        "org.apache.hadoop.metrics2.impl": 36,
        "org.apache.hadoop.metrics2.lib": 37,
        "org.apache.hadoop.metrics2.sink": 3,
        "org.apache.hadoop.metrics2.sink.ganglia": 8,
        "org.apache.hadoop.metrics2.source": 4,
        "org.apache.hadoop.metrics2.util": 12,
        "org.apache.hadoop.net": 33,
        "org.apache.hadoop.net.unix": 10,
        "org.apache.hadoop.security": 53,
        "org.apache.hadoop.security.authentication.client": 6,
        "org.apache.hadoop.security.authentication.server": 2,
        "org.apache.hadoop.security.authentication.util": 2,
        "org.apache.hadoop.security.authorize": 13,
        "org.apache.hadoop.security.proto": 72,
        "org.apache.hadoop.security.protocolPB": 6,
        "org.apache.hadoop.security.ssl": 13,
        "org.apache.hadoop.security.token": 11,
        "org.apache.hadoop.security.token.delegation": 8,
        "org.apache.hadoop.service": 13,
        "org.apache.hadoop.tools": 7,
        "org.apache.hadoop.tools.proto": 17,
        "org.apache.hadoop.tools.protocolPB": 3,
        "org.apache.hadoop.util": 112,
        "org.apache.hadoop.util.bloom": 8,
        "org.apache.hadoop.util.hash": 3
    },
    "da4ba50269254456650c08c739f2b394d1182ee4": {
        "org.apache.hadoop": 1,
        "org.apache.hadoop.classification": 8,
        "org.apache.hadoop.conf": 28,
        "org.apache.hadoop.crypto": 16,
        "org.apache.hadoop.crypto.key": 38,
        "org.apache.hadoop.crypto.key.kms": 17,
        "org.apache.hadoop.crypto.random": 2,
        "org.apache.hadoop.fs": 211,
        "org.apache.hadoop.fs.crypto": 2,
        "org.apache.hadoop.fs.ftp": 6,
        "org.apache.hadoop.fs.local": 4,
        "org.apache.hadoop.fs.permission": 21,
        "org.apache.hadoop.fs.s3": 18,
        "org.apache.hadoop.fs.s3native": 8,
        "org.apache.hadoop.fs.shell": 65,
        "org.apache.hadoop.fs.viewfs": 22,
        "org.apache.hadoop.ha": 59,
        "org.apache.hadoop.ha.proto": 74,
        "org.apache.hadoop.ha.protocolPB": 8,
        "org.apache.hadoop.http": 19,
        "org.apache.hadoop.http.lib": 4,
        "org.apache.hadoop.io": 147,
        "org.apache.hadoop.io.compress": 32,
        "org.apache.hadoop.io.compress.bzip2": 14,
        "org.apache.hadoop.io.compress.lz4": 3,
        "org.apache.hadoop.io.compress.snappy": 4,
        "org.apache.hadoop.io.compress.zlib": 13,
        "org.apache.hadoop.io.file.tfile": 55,
        "org.apache.hadoop.io.nativeio": 14,
        "org.apache.hadoop.io.retry": 28,
        "org.apache.hadoop.io.serializer": 14,
        "org.apache.hadoop.io.serializer.avro": 6,
        "org.apache.hadoop.ipc": 98,
        "org.apache.hadoop.ipc.metrics": 4,
        "org.apache.hadoop.ipc.proto": 38,
        "org.apache.hadoop.ipc.protobuf": 77,
        "org.apache.hadoop.ipc.protocolPB": 6,
        "org.apache.hadoop.jmx": 1,
        "org.apache.hadoop.log": 3,
        "org.apache.hadoop.log.metrics": 3,
        "org.apache.hadoop.metrics": 8,
        "org.apache.hadoop.metrics.file": 1,
        "org.apache.hadoop.metrics.ganglia": 2,
        "org.apache.hadoop.metrics.jvm": 3,
        "org.apache.hadoop.metrics.spi": 14,
        "org.apache.hadoop.metrics.util": 12,
        "org.apache.hadoop.metrics2": 18,
        "org.apache.hadoop.metrics2.annotation": 4,
        "org.apache.hadoop.metrics2.filter": 4,
        "org.apache.hadoop.metrics2.impl": 36,
        "org.apache.hadoop.metrics2.lib": 37,
        "org.apache.hadoop.metrics2.sink": 3,
        "org.apache.hadoop.metrics2.sink.ganglia": 8,
        "org.apache.hadoop.metrics2.source": 4,
        "org.apache.hadoop.metrics2.util": 12,
        "org.apache.hadoop.net": 33,
        "org.apache.hadoop.net.unix": 10,
        "org.apache.hadoop.security": 56,
        "org.apache.hadoop.security.alias": 16,
        "org.apache.hadoop.security.authentication.client": 7,
        "org.apache.hadoop.security.authentication.server": 5,
        "org.apache.hadoop.security.authentication.util": 2,
        "org.apache.hadoop.security.authorize": 13,
        "org.apache.hadoop.security.proto": 72,
        "org.apache.hadoop.security.protocolPB": 6,
        "org.apache.hadoop.security.ssl": 13,
        "org.apache.hadoop.security.token": 11,
        "org.apache.hadoop.security.token.delegation": 8,
        "org.apache.hadoop.security.token.delegation.web": 20,
        "org.apache.hadoop.service": 13,
        "org.apache.hadoop.tools": 7,
        "org.apache.hadoop.tools.proto": 17,
        "org.apache.hadoop.tools.protocolPB": 3,
        "org.apache.hadoop.util": 123,
        "org.apache.hadoop.util.bloom": 8,
        "org.apache.hadoop.util.hash": 3
    },
    "ddc3f5d10532e487bee16a52c4d33e45000a06c2": {
        "org.apache.hadoop": 3,
        "org.apache.hadoop.classification": 8,
        "org.apache.hadoop.conf": 15,
        "org.apache.hadoop.fs": 147,
        "org.apache.hadoop.fs.ftp": 6,
        "org.apache.hadoop.fs.kfs": 6,
        "org.apache.hadoop.fs.local": 4,
        "org.apache.hadoop.fs.permission": 11,
        "org.apache.hadoop.fs.s3": 18,
        "org.apache.hadoop.fs.s3native": 8,
        "org.apache.hadoop.fs.shell": 56,
        "org.apache.hadoop.fs.viewfs": 21,
        "org.apache.hadoop.http": 11,
        "org.apache.hadoop.http.lib": 4,
        "org.apache.hadoop.io": 132,
        "org.apache.hadoop.io.compress": 27,
        "org.apache.hadoop.io.compress.bzip2": 11,
        "org.apache.hadoop.io.compress.snappy": 3,
        "org.apache.hadoop.io.compress.zlib": 12,
        "org.apache.hadoop.io.file.tfile": 55,
        "org.apache.hadoop.io.nativeio": 4,
        "org.apache.hadoop.io.retry": 20,
        "org.apache.hadoop.io.serializer": 14,
        "org.apache.hadoop.io.serializer.avro": 6,
        "org.apache.hadoop.ipc": 49,
        "org.apache.hadoop.ipc.metrics": 3,
        "org.apache.hadoop.jmx": 1,
        "org.apache.hadoop.log": 3,
        "org.apache.hadoop.log.metrics": 3,
        "org.apache.hadoop.metrics": 8,
        "org.apache.hadoop.metrics.file": 1,
        "org.apache.hadoop.metrics.ganglia": 2,
        "org.apache.hadoop.metrics.jvm": 3,
        "org.apache.hadoop.metrics.spi": 14,
        "org.apache.hadoop.metrics.util": 12,
        "org.apache.hadoop.metrics2": 18,
        "org.apache.hadoop.metrics2.annotation": 4,
        "org.apache.hadoop.metrics2.filter": 4,
        "org.apache.hadoop.metrics2.impl": 35,
        "org.apache.hadoop.metrics2.lib": 35,
        "org.apache.hadoop.metrics2.sink": 2,
        "org.apache.hadoop.metrics2.sink.ganglia": 8,
        "org.apache.hadoop.metrics2.source": 4,
        "org.apache.hadoop.metrics2.util": 9,
        "org.apache.hadoop.net": 21,
        "org.apache.hadoop.record": 22,
        "org.apache.hadoop.record.compiler": 50,
        "org.apache.hadoop.record.compiler.ant": 1,
        "org.apache.hadoop.record.compiler.generated": 7,
        "org.apache.hadoop.record.meta": 8,
        "org.apache.hadoop.security": 43,
        "org.apache.hadoop.security.authorize": 9,
        "org.apache.hadoop.security.token": 7,
        "org.apache.hadoop.security.token.delegation": 7,
        "org.apache.hadoop.tools": 2,
        "org.apache.hadoop.util": 62,
        "org.apache.hadoop.util.bloom": 8,
        "org.apache.hadoop.util.hash": 3
    },
    "eaf2f6137feb2ff8f8b1e9b94d3545f4fba8101c": {
        "org.apache.hadoop": 1,
        "org.apache.hadoop.classification": 8,
        "org.apache.hadoop.conf": 28,
        "org.apache.hadoop.crypto.key": 19,
        "org.apache.hadoop.crypto.key.kms": 5,
        "org.apache.hadoop.fs": 207,
        "org.apache.hadoop.fs.ftp": 6,
        "org.apache.hadoop.fs.local": 4,
        "org.apache.hadoop.fs.permission": 21,
        "org.apache.hadoop.fs.s3": 18,
        "org.apache.hadoop.fs.s3native": 8,
        "org.apache.hadoop.fs.shell": 65,
        "org.apache.hadoop.fs.viewfs": 22,
        "org.apache.hadoop.ha": 59,
        "org.apache.hadoop.ha.proto": 74,
        "org.apache.hadoop.ha.protocolPB": 8,
        "org.apache.hadoop.http": 19,
        "org.apache.hadoop.http.lib": 4,
        "org.apache.hadoop.io": 147,
        "org.apache.hadoop.io.compress": 31,
        "org.apache.hadoop.io.compress.bzip2": 14,
        "org.apache.hadoop.io.compress.lz4": 3,
        "org.apache.hadoop.io.compress.snappy": 4,
        "org.apache.hadoop.io.compress.zlib": 13,
        "org.apache.hadoop.io.file.tfile": 55,
        "org.apache.hadoop.io.nativeio": 14,
        "org.apache.hadoop.io.retry": 28,
        "org.apache.hadoop.io.serializer": 14,
        "org.apache.hadoop.io.serializer.avro": 6,
        "org.apache.hadoop.ipc": 93,
        "org.apache.hadoop.ipc.metrics": 4,
        "org.apache.hadoop.ipc.proto": 38,
        "org.apache.hadoop.ipc.protobuf": 77,
        "org.apache.hadoop.ipc.protocolPB": 6,
        "org.apache.hadoop.jmx": 1,
        "org.apache.hadoop.log": 3,
        "org.apache.hadoop.log.metrics": 3,
        "org.apache.hadoop.metrics": 8,
        "org.apache.hadoop.metrics.file": 1,
        "org.apache.hadoop.metrics.ganglia": 2,
        "org.apache.hadoop.metrics.jvm": 3,
        "org.apache.hadoop.metrics.spi": 14,
        "org.apache.hadoop.metrics.util": 12,
        "org.apache.hadoop.metrics2": 18,
        "org.apache.hadoop.metrics2.annotation": 4,
        "org.apache.hadoop.metrics2.filter": 4,
        "org.apache.hadoop.metrics2.impl": 36,
        "org.apache.hadoop.metrics2.lib": 37,
        "org.apache.hadoop.metrics2.sink": 3,
        "org.apache.hadoop.metrics2.sink.ganglia": 8,
        "org.apache.hadoop.metrics2.source": 4,
        "org.apache.hadoop.metrics2.util": 12,
        "org.apache.hadoop.net": 33,
        "org.apache.hadoop.net.unix": 10,
        "org.apache.hadoop.security": 54,
        "org.apache.hadoop.security.alias": 16,
        "org.apache.hadoop.security.authentication.client": 6,
        "org.apache.hadoop.security.authentication.server": 2,
        "org.apache.hadoop.security.authentication.util": 2,
        "org.apache.hadoop.security.authorize": 13,
        "org.apache.hadoop.security.proto": 72,
        "org.apache.hadoop.security.protocolPB": 6,
        "org.apache.hadoop.security.ssl": 13,
        "org.apache.hadoop.security.token": 11,
        "org.apache.hadoop.security.token.delegation": 8,
        "org.apache.hadoop.service": 13,
        "org.apache.hadoop.tools": 7,
        "org.apache.hadoop.tools.proto": 17,
        "org.apache.hadoop.tools.protocolPB": 3,
        "org.apache.hadoop.util": 112,
        "org.apache.hadoop.util.bloom": 8,
        "org.apache.hadoop.util.hash": 3
    },
    "f64fda0f00b22793a9c5ea10f9d73ef33fa2b563": {
        "org.apache.hadoop": 1,
        "org.apache.hadoop.classification": 9,
        "org.apache.hadoop.conf": 43,
        "org.apache.hadoop.crypto": 22,
        "org.apache.hadoop.crypto.key": 40,
        "org.apache.hadoop.crypto.key.kms": 46,
        "org.apache.hadoop.crypto.random": 2,
        "org.apache.hadoop.fs": 319,
        "org.apache.hadoop.fs.audit": 5,
        "org.apache.hadoop.fs.crypto": 2,
        "org.apache.hadoop.fs.ftp": 6,
        "org.apache.hadoop.fs.http": 4,
        "org.apache.hadoop.fs.impl": 18,
        "org.apache.hadoop.fs.local": 4,
        "org.apache.hadoop.fs.permission": 23,
        "org.apache.hadoop.fs.protocolPB": 2,
        "org.apache.hadoop.fs.sftp": 6,
        "org.apache.hadoop.fs.shell": 75,
        "org.apache.hadoop.fs.shell.find": 17,
        "org.apache.hadoop.fs.statistics": 18,
        "org.apache.hadoop.fs.statistics.impl": 23,
        "org.apache.hadoop.fs.store": 18,
        "org.apache.hadoop.fs.store.audit": 8,
        "org.apache.hadoop.fs.viewfs": 58,
        "org.apache.hadoop.ha": 61,
        "org.apache.hadoop.ha.proto": 82,
        "org.apache.hadoop.ha.protocolPB": 8,
        "org.apache.hadoop.http": 28,
        "org.apache.hadoop.http.lib": 4,
        "org.apache.hadoop.io": 149,
        "org.apache.hadoop.io.compress": 35,
        "org.apache.hadoop.io.compress.bzip2": 14,
        "org.apache.hadoop.io.compress.lz4": 3,
        "org.apache.hadoop.io.compress.snappy": 4,
        "org.apache.hadoop.io.compress.zlib": 14,
        "org.apache.hadoop.io.compress.zstd": 4,
        "org.apache.hadoop.io.erasurecode": 10,
        "org.apache.hadoop.io.erasurecode.codec": 6,
        "org.apache.hadoop.io.erasurecode.coder": 18,
        "org.apache.hadoop.io.erasurecode.coder.util": 1,
        "org.apache.hadoop.io.erasurecode.grouper": 1,
        "org.apache.hadoop.io.erasurecode.rawcoder": 33,
        "org.apache.hadoop.io.erasurecode.rawcoder.util": 5,
        "org.apache.hadoop.io.file.tfile": 55,
        "org.apache.hadoop.io.nativeio": 17,
        "org.apache.hadoop.io.retry": 45,
        "org.apache.hadoop.io.serializer": 14,
        "org.apache.hadoop.io.serializer.avro": 6,
        "org.apache.hadoop.ipc": 139,
        "org.apache.hadoop.ipc.metrics": 5,
        "org.apache.hadoop.ipc.proto": 38,
        "org.apache.hadoop.ipc.protobuf": 91,
        "org.apache.hadoop.ipc.protocolPB": 6,
        "org.apache.hadoop.jmx": 2,
        "org.apache.hadoop.log": 10,
        "org.apache.hadoop.metrics2": 20,
        "org.apache.hadoop.metrics2.annotation": 4,
        "org.apache.hadoop.metrics2.filter": 4,
        "org.apache.hadoop.metrics2.impl": 36,
        "org.apache.hadoop.metrics2.lib": 45,
        "org.apache.hadoop.metrics2.sink": 9,
        "org.apache.hadoop.metrics2.sink.ganglia": 8,
        "org.apache.hadoop.metrics2.source": 4,
        "org.apache.hadoop.metrics2.util": 16,
        "org.apache.hadoop.net": 39,
        "org.apache.hadoop.net.unix": 11,
        "org.apache.hadoop.security": 85,
        "org.apache.hadoop.security.alias": 29,
        "org.apache.hadoop.security.authentication.client": 7,
        "org.apache.hadoop.security.authentication.server": 15,
        "org.apache.hadoop.security.authentication.util": 4,
        "org.apache.hadoop.security.authorize": 13,
        "org.apache.hadoop.security.http": 7,
        "org.apache.hadoop.security.proto": 80,
        "org.apache.hadoop.security.protocolPB": 6,
        "org.apache.hadoop.security.ssl": 18,
        "org.apache.hadoop.security.token": 23,
        "org.apache.hadoop.security.token.delegation": 12,
        "org.apache.hadoop.security.token.delegation.web": 22,
        "org.apache.hadoop.service": 13,
        "org.apache.hadoop.service.launcher": 14,
        "org.apache.hadoop.thirdparty.com.google.common.base": 7,
        "org.apache.hadoop.thirdparty.com.google.common.cache": 4,
        "org.apache.hadoop.thirdparty.com.google.common.collect": 13,
        "org.apache.hadoop.thirdparty.com.google.common.io": 2,
        "org.apache.hadoop.thirdparty.com.google.common.net": 1,
        "org.apache.hadoop.thirdparty.com.google.common.primitives": 2,
        "org.apache.hadoop.thirdparty.com.google.common.util.concurrent": 10,
        "org.apache.hadoop.thirdparty.protobuf": 61,
        "org.apache.hadoop.tools": 8,
        "org.apache.hadoop.tools.proto": 17,
        "org.apache.hadoop.tools.protocolPB": 3,
        "org.apache.hadoop.tracing": 49,
        "org.apache.hadoop.util": 191,
        "org.apache.hadoop.util.bloom": 8,
        "org.apache.hadoop.util.concurrent": 8,
        "org.apache.hadoop.util.curator": 3,
        "org.apache.hadoop.util.functional": 17,
        "org.apache.hadoop.util.hash": 3
    }
}