{
    "0294c49df60150bd9b363af5cfbc312222c12c69": {
        "0": 26,
        "1": 1705,
        "2": 206,
        "3": 51,
        "4": 42,
        "5": 19,
        "6": 37,
        "7": 18,
        "8": 36,
        "9": 23,
        "10": 12,
        "11": 58
    },
    "0f6dfeeacbab65a31a33927a4eb84871d371fe52": {
        "0": 32,
        "1": 27,
        "2": 853,
        "3": 23,
        "4": 20,
        "5": 7,
        "6": 23,
        "7": 8,
        "8": 20,
        "9": 21,
        "10": 6,
        "11": 30
    },
    "13052a341fdca860e1bbb000bc0a9d00b840d948": {
        "0": 30,
        "1": 1367,
        "2": 14,
        "3": 33,
        "4": 26,
        "5": 31,
        "6": 96,
        "7": 23,
        "8": 16,
        "9": 8,
        "10": 11,
        "11": 32
    },
    "14b97a91d9a7d721bd1dc276640dcf9c99af188e": {
        "0": 32,
        "1": 27,
        "2": 719,
        "3": 134,
        "4": 23,
        "5": 20,
        "6": 7,
        "7": 23,
        "8": 8,
        "9": 41,
        "10": 6,
        "11": 30
    },
    "21d921ac23ad0da035cb6db11a1a2d585790b247": {
        "0": 38,
        "1": 1376,
        "2": 13,
        "3": 31,
        "4": 6,
        "5": 11,
        "6": 54,
        "7": 25,
        "8": 117,
        "9": 11,
        "10": 10,
        "11": 6
    },
    "228742acad6b56c0e4fafe285099fcdfa5b6e47f": {
        "0": 35,
        "1": 1072,
        "2": 7,
        "3": 63,
        "4": 45,
        "5": 136,
        "6": 12,
        "7": 25,
        "8": 163,
        "9": 11,
        "10": 12,
        "11": 11
    },
    "4a4868e52360d7543909a7981b4606db939230ea": {
        "0": 30,
        "1": 1174,
        "2": 189,
        "3": 14,
        "4": 75,
        "5": 31,
        "6": 11,
        "7": 35,
        "8": 8,
        "9": 11,
        "10": 12,
        "11": 62
    },
    "5b1d594005293e8de7e58cd70cde88c9041107cf": {
        "0": 27,
        "1": 1908,
        "2": 172,
        "3": 8,
        "4": 46,
        "5": 41,
        "6": 23,
        "7": 45,
        "8": 19,
        "9": 297,
        "10": 24,
        "11": 12
    },
    "5bbca80428ffbe776650652de86a3bba885edb31": {
        "0": 26,
        "1": 1705,
        "2": 206,
        "3": 51,
        "4": 42,
        "5": 19,
        "6": 37,
        "7": 18,
        "8": 36,
        "9": 23,
        "10": 12,
        "11": 58
    },
    "6316e662791c3fe19ce43550a57ae4e9beac05ad": {
        "0": 32,
        "1": 27,
        "2": 719,
        "3": 134,
        "4": 23,
        "5": 20,
        "6": 7,
        "7": 23,
        "8": 8,
        "9": 41,
        "10": 6,
        "11": 30
    },
    "6ba8fd7e8e038351fc14f6096ea2216ce2abe918": {
        "0": 27,
        "1": 1417,
        "2": 14,
        "3": 15,
        "4": 51,
        "5": 270,
        "6": 30,
        "7": 12,
        "8": 17,
        "9": 9,
        "10": 11,
        "11": 7
    },
    "783e4805e7ef46da6095e0375fe8dd5e9cd26e85": {
        "0": 27,
        "1": 1908,
        "2": 172,
        "3": 8,
        "4": 46,
        "5": 41,
        "6": 23,
        "7": 45,
        "8": 19,
        "9": 297,
        "10": 24,
        "11": 12
    },
    "81bc395deb3ba00567dc067d6ca71bacf9e3bc82": {
        "0": 30,
        "1": 1048,
        "2": 416,
        "3": 14,
        "4": 31,
        "5": 6,
        "6": 35,
        "7": 16,
        "8": 8,
        "9": 11,
        "10": 32,
        "11": 6
    },
    "a0f120ce68dddb0cb31b64c89f3224313f3cb5af": {
        "0": 42,
        "1": 47,
        "2": 598,
        "3": 242,
        "4": 23,
        "5": 28,
        "6": 7,
        "7": 23,
        "8": 8,
        "9": 20,
        "10": 6,
        "11": 30
    },
    "acd3ab521f957929c2acf7868e7c17e9088fa1b4": {
        "0": 32,
        "1": 47,
        "2": 775,
        "3": 23,
        "4": 79,
        "5": 7,
        "6": 23,
        "7": 8,
        "8": 20,
        "9": 21,
        "10": 6,
        "11": 30
    },
    "b214bbd2d92a0c02b71d352dba85f3b87317933c": {
        "0": 28,
        "1": 1927,
        "2": 264,
        "3": 8,
        "4": 44,
        "5": 23,
        "6": 42,
        "7": 19,
        "8": 25,
        "9": 24,
        "10": 12,
        "11": 32
    },
    "b77bc477b5619e8fef8ed02da6042ea0d0c2de4d": {
        "0": 32,
        "1": 27,
        "2": 719,
        "3": 134,
        "4": 23,
        "5": 20,
        "6": 7,
        "7": 23,
        "8": 8,
        "9": 41,
        "10": 6,
        "11": 30
    },
    "cd894ca890e57c20ea8ec4578ae52248b555fcc0": {
        "0": 30,
        "1": 1367,
        "2": 14,
        "3": 33,
        "4": 26,
        "5": 31,
        "6": 96,
        "7": 23,
        "8": 16,
        "9": 8,
        "10": 11,
        "11": 32
    },
    "da4ba50269254456650c08c739f2b394d1182ee4": {
        "0": 30,
        "1": 1439,
        "2": 15,
        "3": 35,
        "4": 147,
        "5": 29,
        "6": 21,
        "7": 24,
        "8": 38,
        "9": 8,
        "10": 11,
        "11": 6
    },
    "ddc3f5d10532e487bee16a52c4d33e45000a06c2": {
        "0": 32,
        "1": 27,
        "2": 853,
        "3": 23,
        "4": 20,
        "5": 7,
        "6": 23,
        "7": 8,
        "8": 20,
        "9": 21,
        "10": 6,
        "11": 30
    },
    "eaf2f6137feb2ff8f8b1e9b94d3545f4fba8101c": {
        "0": 30,
        "1": 1395,
        "2": 8,
        "3": 11,
        "4": 31,
        "5": 38,
        "6": 12,
        "7": 23,
        "8": 35,
        "9": 8,
        "10": 103,
        "11": 11
    },
    "f64fda0f00b22793a9c5ea10f9d73ef33fa2b563": {
        "0": 27,
        "1": 1746,
        "2": 631,
        "3": 40,
        "4": 8,
        "5": 19,
        "6": 19,
        "7": 45,
        "8": 19,
        "9": 24,
        "10": 38,
        "11": 12
    }
}