{
    "0da1330bfd3080a7ad95a4b48ba7b7ac89c3608f": {
        "0": 1792,
        "1": 1,
        "2": 1,
        "3": 1,
        "4": 1,
        "5": 1,
        "6": 1,
        "7": 1,
        "8": 1,
        "9": 1,
        "10": 1,
        "11": 1,
        "12": 1,
        "13": 1,
        "14": 1,
        "15": 1,
        "16": 1,
        "17": 1,
        "18": 3,
        "19": 1,
        "20": 1,
        "21": 1,
        "22": 1,
        "23": 1,
        "24": 1,
        "25": 1,
        "26": 1,
        "27": 1,
        "28": 1,
        "29": 1,
        "30": 1,
        "31": 1,
        "32": 1,
        "33": 1,
        "34": 1,
        "35": 1,
        "36": 1,
        "37": 1,
        "38": 1,
        "39": 1,
        "40": 1,
        "41": 1,
        "42": 1,
        "43": 1,
        "44": 1,
        "45": 1,
        "46": 1,
        "47": 1,
        "48": 1,
        "49": 1,
        "50": 1,
        "51": 30,
        "52": 1,
        "53": 1,
        "54": 1,
        "55": 1,
        "56": 1,
        "57": 1
    },
    "33608c3bd4d73996e4b1f022f36c44b380e0d83c": {
        "0": 2558,
        "1": 3,
        "2": 3,
        "3": 1,
        "4": 1,
        "5": 1,
        "6": 1,
        "7": 1,
        "8": 1,
        "9": 1,
        "10": 1,
        "11": 1,
        "12": 1,
        "13": 1,
        "14": 1,
        "15": 1,
        "16": 1,
        "17": 1,
        "18": 1,
        "19": 1,
        "20": 1,
        "21": 1,
        "22": 1,
        "23": 1,
        "24": 1,
        "25": 1,
        "26": 1,
        "27": 1,
        "28": 1,
        "29": 1,
        "30": 1,
        "31": 1,
        "32": 1,
        "33": 1,
        "34": 1,
        "35": 1,
        "36": 1,
        "37": 1,
        "38": 1,
        "39": 3,
        "40": 1,
        "41": 1,
        "42": 1,
        "43": 1,
        "44": 1,
        "45": 1,
        "46": 1,
        "47": 1,
        "48": 1,
        "49": 1,
        "50": 1,
        "51": 1,
        "52": 2,
        "53": 1,
        "54": 1,
        "55": 1,
        "56": 1,
        "57": 1
    },
    "ab8368d2e0f3931615e6ef4550ad75d9e56047d2": {
        "0": 2172,
        "1": 3,
        "2": 1,
        "3": 1,
        "4": 1,
        "5": 1,
        "6": 1,
        "7": 1,
        "8": 1,
        "9": 1,
        "10": 1,
        "11": 1,
        "12": 1,
        "13": 1,
        "14": 1,
        "15": 1,
        "16": 1,
        "17": 1,
        "18": 1,
        "19": 1,
        "20": 1,
        "21": 1,
        "22": 1,
        "23": 1,
        "24": 1,
        "25": 1,
        "26": 1,
        "27": 1,
        "28": 1,
        "29": 1,
        "30": 1,
        "31": 1,
        "32": 1,
        "33": 1,
        "34": 1,
        "35": 1,
        "36": 1,
        "37": 1,
        "38": 1,
        "39": 1,
        "40": 1,
        "41": 1,
        "42": 1,
        "43": 1,
        "44": 1,
        "45": 1,
        "46": 1,
        "47": 1,
        "48": 1,
        "49": 1,
        "50": 1,
        "51": 1,
        "52": 1,
        "53": 1,
        "54": 1,
        "55": 2,
        "56": 2,
        "57": 1
    },
    "cd24e955cf7720cc4ad7687a0341b6e383722b64": {
        "0": 195,
        "1": 1,
        "2": 1,
        "3": 1,
        "4": 1,
        "5": 1,
        "6": 1,
        "7": 1,
        "8": 1,
        "9": 113,
        "10": 140,
        "11": 125,
        "12": 1,
        "13": 141,
        "14": 144,
        "15": 103,
        "16": 162,
        "17": 1,
        "18": 149,
        "19": 104,
        "20": 102,
        "21": 1,
        "22": 1,
        "23": 1,
        "24": 1,
        "25": 1,
        "26": 1,
        "27": 1,
        "28": 1,
        "29": 3,
        "30": 1,
        "31": 1,
        "32": 1,
        "33": 95,
        "34": 1,
        "35": 1,
        "36": 1,
        "37": 1,
        "38": 1,
        "39": 1,
        "40": 1,
        "41": 1,
        "42": 1,
        "43": 1,
        "44": 1,
        "45": 1,
        "46": 1,
        "47": 1,
        "48": 1,
        "49": 1,
        "50": 1,
        "51": 1,
        "52": 1,
        "53": 30,
        "54": 1,
        "55": 1,
        "56": 1,
        "57": 1
    }
}