{
    "0da1330bfd3080a7ad95a4b48ba7b7ac89c3608f": {
        "org.apache.hadoop.io.ss": 202,
        "org.apache.hadoop.ipc.ss": 101,
        "org.apache.hadoop.util.ss": 122,
        "org.apache.hadoop.http.ss": 19,
        "org.apache.hadoop.ha.ss": 65,
        "org.apache.hadoop.ha.proto.ss": 73,
        "org.apache.hadoop.security.ss": 75,
        "org.apache.hadoop.fs.ss": 179,
        "org.apache.hadoop.ipc.protobuf.ss": 67,
        "org.apache.hadoop.io.serializer.ss": 13,
        "org.apache.hadoop.metrics2.lib.ss": 41,
        "org.apache.hadoop.metrics.spi.ss": 13,
        "org.apache.hadoop.service.ss": 12,
        "org.apache.hadoop.http.lib.ss": 6,
        "org.apache.hadoop.fs.crypto.ss": 6,
        "org.apache.hadoop.conf.ss": 29,
        "org.apache.hadoop.metrics2.sink.ganglia.ss": 10,
        "org.apache.hadoop.metrics.ganglia.ss": 3,
        "org.apache.hadoop.fs.shell.ss": 96,
        "org.apache.hadoop.io.compress.bzip2.ss": 16,
        "org.apache.hadoop.metrics2.util.ss": 6,
        "org.apache.hadoop.io.compress.zlib.ss": 13,
        "org.apache.hadoop.net.ss": 27,
        "org.apache.hadoop.metrics2.impl.ss": 54,
        "org.apache.hadoop.ipc.proto.ss": 44,
        "org.apache.hadoop.security.proto.ss": 78,
        "org.apache.hadoop.tracing.ss": 60,
        "org.apache.hadoop.crypto.ss": 14,
        "org.apache.hadoop.crypto.key.ss": 36,
        "org.apache.hadoop.io.compress.ss": 12,
        "org.apache.hadoop.io.retry.ss": 28,
        "org.apache.hadoop.security.token.delegation.web.ss": 33,
        "org.apache.hadoop.security.alias.ss": 17,
        "org.apache.hadoop.tools.proto.ss": 20,
        "org.apache.hadoop.ha.protocolPB.ss": 5,
        "org.apache.hadoop.metrics.ss": 4,
        "org.apache.hadoop.security.authorize.ss": 11,
        "org.apache.hadoop.log.metrics.ss": 4,
        "org.apache.hadoop.util.hash.ss": 3,
        "org.apache.hadoop.fs.shell.find.ss": 17,
        "org.apache.hadoop.net.unix.ss": 11,
        "org.apache.hadoop.metrics.util.ss": 14,
        "org.apache.hadoop.util.bloom.ss": 2,
        "org.apache.hadoop.fs.local.ss": 3,
        "org.apache.hadoop.metrics.jvm.ss": 2,
        "org.apache.hadoop.crypto.key.kms.ss": 25,
        "org.apache.hadoop.security.token.ss": 6,
        "org.apache.hadoop.io.file.tfile.ss": 66,
        "org.apache.hadoop.metrics2.ss": 2,
        "org.apache.hadoop.fs.ftp.ss": 6,
        "org.apache.hadoop.fs.permission.ss": 8,
        "org.apache.hadoop.io.serializer.avro.ss": 8,
        "org.apache.hadoop.security.ssl.ss": 14,
        "org.apache.hadoop.io.nativeio.ss": 14,
        "org.apache.hadoop.metrics2.source.ss": 4,
        "org.apache.hadoop.security.token.delegation.ss": 13,
        "org.apache.hadoop.fs.viewfs.ss": 46,
        "org.apache.hadoop.log.ss": 2
    },
    "0f6dfeeacbab65a31a33927a4eb84871d371fe52": {
        "org.apache.hadoop.http.ss": 10,
        "org.apache.hadoop.util.ss": 52,
        "org.apache.hadoop.io.ss": 140,
        "org.apache.hadoop.fs.ss": 127,
        "org.apache.hadoop.security.ss": 42,
        "org.apache.hadoop.record.ss": 19,
        "org.apache.hadoop.io.serializer.ss": 13,
        "org.apache.hadoop.http.lib.ss": 6,
        "org.apache.hadoop.conf.ss": 13,
        "org.apache.hadoop.metrics2.lib.ss": 38,
        "org.apache.hadoop.metrics.spi.ss": 13,
        "org.apache.hadoop.net.ss": 17,
        "org.apache.hadoop.io.compress.bzip2.ss": 11,
        "org.apache.hadoop.fs.shell.ss": 70,
        "org.apache.hadoop.io.compress.zlib.ss": 12,
        "org.apache.hadoop.io.retry.ss": 20,
        "org.apache.hadoop.metrics2.sink.ganglia.ss": 10,
        "org.apache.hadoop.ipc.ss": 59,
        "org.apache.hadoop.metrics.ganglia.ss": 3,
        "org.apache.hadoop.metrics2.impl.ss": 53,
        "org.apache.hadoop.record.compiler.ss": 50,
        "org.apache.hadoop.fs.s3.ss": 16,
        "org.apache.hadoop.io.compress.ss": 17,
        "org.apache.hadoop.record.compiler.ant.ss": 46,
        "org.apache.hadoop.metrics.ss": 4,
        "org.apache.hadoop.security.authorize.ss": 7,
        "org.apache.hadoop.security.token.ss": 2,
        "org.apache.hadoop.util.hash.ss": 3,
        "org.apache.hadoop.log.metrics.ss": 4,
        "org.apache.hadoop.metrics.util.ss": 14,
        "org.apache.hadoop.tools.ss": 2,
        "org.apache.hadoop.fs.local.ss": 3,
        "org.apache.hadoop.util.bloom.ss": 2,
        "org.apache.hadoop.metrics2.util.ss": 3,
        "org.apache.hadoop.metrics.jvm.ss": 2,
        "org.apache.hadoop.io.file.tfile.ss": 66,
        "org.apache.hadoop.metrics2.ss": 2,
        "org.apache.hadoop.fs.permission.ss": 8,
        "org.apache.hadoop.io.serializer.avro.ss": 8,
        "org.apache.hadoop.fs.ftp.ss": 7,
        "org.apache.hadoop.record.meta.ss": 9,
        "org.apache.hadoop.metrics2.source.ss": 4,
        "org.apache.hadoop.fs.kfs.ss": 5,
        "org.apache.hadoop.security.token.delegation.ss": 8,
        "org.apache.hadoop.fs.viewfs.ss": 31,
        "org.apache.hadoop.fs.s3native.ss": 13,
        "orphanContainer.ss": 4,
        "org.apache.hadoop.log.ss": 2
    },
    "13052a341fdca860e1bbb000bc0a9d00b840d948": {
        "org.apache.hadoop.http.ss": 18,
        "org.apache.hadoop.ipc.ss": 86,
        "org.apache.hadoop.io.ss": 201,
        "org.apache.hadoop.ha.ss": 64,
        "org.apache.hadoop.util.ss": 115,
        "org.apache.hadoop.ha.proto.ss": 73,
        "org.apache.hadoop.ipc.protobuf.ss": 65,
        "org.apache.hadoop.fs.ss": 175,
        "org.apache.hadoop.metrics2.lib.ss": 41,
        "org.apache.hadoop.metrics.spi.ss": 13,
        "org.apache.hadoop.http.lib.ss": 4,
        "org.apache.hadoop.io.serializer.ss": 13,
        "org.apache.hadoop.service.ss": 12,
        "org.apache.hadoop.net.ss": 28,
        "org.apache.hadoop.conf.ss": 27,
        "org.apache.hadoop.security.ss": 73,
        "org.apache.hadoop.fs.shell.ss": 101,
        "org.apache.hadoop.metrics2.impl.ss": 54,
        "org.apache.hadoop.metrics2.sink.ganglia.ss": 10,
        "org.apache.hadoop.io.compress.bzip2.ss": 16,
        "org.apache.hadoop.io.compress.zlib.ss": 13,
        "org.apache.hadoop.metrics2.util.ss": 6,
        "org.apache.hadoop.metrics.ganglia.ss": 3,
        "org.apache.hadoop.security.proto.ss": 78,
        "org.apache.hadoop.io.retry.ss": 30,
        "org.apache.hadoop.crypto.key.ss": 15,
        "org.apache.hadoop.tools.proto.ss": 20,
        "org.apache.hadoop.io.compress.ss": 11,
        "org.apache.hadoop.ipc.proto.ss": 44,
        "org.apache.hadoop.ha.protocolPB.ss": 5,
        "org.apache.hadoop.fs.s3.ss": 16,
        "org.apache.hadoop.metrics.ss": 4,
        "org.apache.hadoop.security.authorize.ss": 12,
        "org.apache.hadoop.metrics.util.ss": 14,
        "org.apache.hadoop.net.unix.ss": 11,
        "org.apache.hadoop.log.metrics.ss": 4,
        "org.apache.hadoop.fs.permission.ss": 11,
        "org.apache.hadoop.util.hash.ss": 3,
        "org.apache.hadoop.fs.local.ss": 3,
        "org.apache.hadoop.util.bloom.ss": 2,
        "org.apache.hadoop.security.token.ss": 6,
        "org.apache.hadoop.metrics.jvm.ss": 2,
        "org.apache.hadoop.io.file.tfile.ss": 65,
        "org.apache.hadoop.metrics2.ss": 2,
        "org.apache.hadoop.io.serializer.avro.ss": 8,
        "org.apache.hadoop.security.ssl.ss": 15,
        "org.apache.hadoop.fs.ftp.ss": 6,
        "org.apache.hadoop.io.nativeio.ss": 12,
        "org.apache.hadoop.metrics2.source.ss": 4,
        "org.apache.hadoop.fs.viewfs.ss": 35,
        "org.apache.hadoop.security.token.delegation.ss": 9,
        "org.apache.hadoop.crypto.key.kms.ss": 14,
        "org.apache.hadoop.fs.s3native.ss": 13,
        "org.apache.hadoop.log.ss": 2
    },
    "33608c3bd4d73996e4b1f022f36c44b380e0d83c": {
        "org.apache.hadoop.util.curator.ss": 2,
        "org.apache.hadoop.http.ss": 35,
        "org.apache.hadoop.ha.ss": 61,
        "org.apache.hadoop.ipc.ss": 142,
        "org.apache.hadoop.security.http.ss": 5,
        "org.apache.hadoop.util.ss": 164,
        "org.apache.hadoop.metrics2.sink.ss": 10,
        "org.apache.hadoop.security.ssl.ss": 18,
        "org.apache.hadoop.io.ss": 167,
        "org.apache.hadoop.fs.ss": 324,
        "org.apache.hadoop.security.authentication.server.ss": 4,
        "org.apache.hadoop.util.concurrent.ss": 6,
        "org.apache.hadoop.security.ss": 123,
        "org.apache.hadoop.fs.viewfs.ss": 60,
        "org.apache.hadoop.fs.statistics.impl.ss": 26,
        "org.apache.hadoop.service.ss": 12,
        "org.apache.hadoop.fs.sftp.ss": 6,
        "org.apache.hadoop.io.serializer.ss": 13,
        "org.apache.hadoop.fs.crypto.ss": 4,
        "org.apache.hadoop.fs.store.audit.ss": 5,
        "org.apache.hadoop.http.lib.ss": 4,
        "org.apache.hadoop.conf.ss": 40,
        "org.apache.hadoop.metrics2.impl.ss": 50,
        "org.apache.hadoop.metrics2.sink.ganglia.ss": 9,
        "org.apache.hadoop.net.ss": 27,
        "org.apache.hadoop.metrics2.lib.ss": 52,
        "org.apache.hadoop.io.compress.bzip2.ss": 16,
        "org.apache.hadoop.crypto.key.kms.ss": 64,
        "org.apache.hadoop.ha.protocolPB.ss": 10,
        "org.apache.hadoop.fs.shell.ss": 190,
        "org.apache.hadoop.security.alias.ss": 33,
        "org.apache.hadoop.ipc.protobuf.ss": 89,
        "org.apache.hadoop.io.retry.ss": 49,
        "org.apache.hadoop.security.token.delegation.web.ss": 35,
        "org.apache.hadoop.crypto.key.ss": 31,
        "org.apache.hadoop.tracing.ss": 81,
        "org.apache.hadoop.log.ss": 11,
        "org.apache.hadoop.security.authorize.ss": 11,
        "org.apache.hadoop.io.erasurecode.rawcoder.ss": 16,
        "org.apache.hadoop.fs.impl.ss": 25,
        "org.apache.hadoop.fs.store.ss": 16,
        "org.apache.hadoop.io.compress.ss": 35,
        "org.apache.hadoop.fs.shell.find.ss": 17,
        "org.apache.hadoop.fs.audit.ss": 3,
        "org.apache.hadoop.crypto.ss": 6,
        "org.apache.hadoop.util.hash.ss": 3,
        "org.apache.hadoop.fs.local.ss": 3,
        "org.apache.hadoop.util.bloom.ss": 2,
        "org.apache.hadoop.net.unix.ss": 13,
        "org.apache.hadoop.io.erasurecode.codec.ss": 35,
        "org.apache.hadoop.ha.proto.ss": 81,
        "org.apache.hadoop.security.token.ss": 20,
        "org.apache.hadoop.metrics2.util.ss": 8,
        "org.apache.hadoop.io.file.tfile.ss": 66,
        "org.apache.hadoop.fs.http.ss": 3,
        "org.apache.hadoop.metrics2.ss": 2,
        "org.apache.hadoop.fs.statistics.ss": 12,
        "org.apache.hadoop.io.serializer.avro.ss": 8,
        "org.apache.hadoop.fs.permission.ss": 9,
        "org.apache.hadoop.fs.ftp.ss": 6,
        "org.apache.hadoop.fs.protocolPB.ss": 3,
        "org.apache.hadoop.io.compress.zlib.ss": 10,
        "org.apache.hadoop.service.launcher.ss": 17,
        "org.apache.hadoop.io.erasurecode.ss": 21,
        "org.apache.hadoop.io.nativeio.ss": 17,
        "org.apache.hadoop.util.functional.ss": 13,
        "org.apache.hadoop.security.token.delegation.ss": 12,
        "org.apache.hadoop.metrics2.source.ss": 4,
        "org.apache.hadoop.ipc.proto.ss": 43,
        "org.apache.hadoop.security.proto.ss": 83,
        "org.apache.hadoop.tools.proto.ss": 21
    },
    "36cedca874f21a37b5f69e077ea63484e1913a68": {
        "org.apache.hadoop.io.ss": 155,
        "org.apache.hadoop.util.ss": 94,
        "org.apache.hadoop.ha.ss": 65,
        "org.apache.hadoop.http.ss": 12,
        "org.apache.hadoop.fs.ss": 142,
        "org.apache.hadoop.ipc.ss": 77,
        "org.apache.hadoop.ha.proto.ss": 73,
        "org.apache.hadoop.ipc.protobuf.ss": 65,
        "org.apache.hadoop.metrics2.lib.ss": 40,
        "org.apache.hadoop.record.ss": 19,
        "org.apache.hadoop.io.serializer.ss": 13,
        "org.apache.hadoop.service.ss": 12,
        "org.apache.hadoop.http.lib.ss": 4,
        "org.apache.hadoop.metrics.spi.ss": 13,
        "org.apache.hadoop.net.ss": 24,
        "org.apache.hadoop.security.ss": 78,
        "org.apache.hadoop.conf.ss": 25,
        "org.apache.hadoop.io.compress.zlib.ss": 12,
        "org.apache.hadoop.io.compress.bzip2.ss": 16,
        "org.apache.hadoop.metrics2.sink.ganglia.ss": 10,
        "org.apache.hadoop.metrics.ganglia.ss": 3,
        "org.apache.hadoop.metrics2.util.ss": 6,
        "org.apache.hadoop.fs.shell.ss": 84,
        "org.apache.hadoop.metrics2.impl.ss": 53,
        "org.apache.hadoop.ha.protocolPB.ss": 7,
        "org.apache.hadoop.record.compiler.ss": 50,
        "org.apache.hadoop.io.retry.ss": 32,
        "org.apache.hadoop.security.proto.ss": 78,
        "org.apache.hadoop.fs.s3.ss": 16,
        "org.apache.hadoop.tools.proto.ss": 20,
        "org.apache.hadoop.io.compress.ss": 11,
        "org.apache.hadoop.record.compiler.ant.ss": 49,
        "org.apache.hadoop.metrics.ss": 4,
        "org.apache.hadoop.security.authorize.ss": 6,
        "org.apache.hadoop.net.unix.ss": 5,
        "org.apache.hadoop.metrics.util.ss": 14,
        "org.apache.hadoop.log.metrics.ss": 4,
        "org.apache.hadoop.util.hash.ss": 3,
        "org.apache.hadoop.security.token.ss": 5,
        "org.apache.hadoop.fs.local.ss": 3,
        "org.apache.hadoop.util.bloom.ss": 2,
        "org.apache.hadoop.metrics.jvm.ss": 2,
        "org.apache.hadoop.metrics2.ss": 2,
        "org.apache.hadoop.io.file.tfile.ss": 65,
        "org.apache.hadoop.security.ssl.ss": 15,
        "org.apache.hadoop.fs.ftp.ss": 7,
        "org.apache.hadoop.fs.permission.ss": 9,
        "org.apache.hadoop.io.serializer.avro.ss": 8,
        "org.apache.hadoop.io.nativeio.ss": 11,
        "org.apache.hadoop.record.meta.ss": 9,
        "org.apache.hadoop.metrics2.source.ss": 4,
        "org.apache.hadoop.fs.viewfs.ss": 34,
        "org.apache.hadoop.security.token.delegation.ss": 7,
        "org.apache.hadoop.fs.s3native.ss": 13,
        "org.apache.hadoop.log.ss": 2
    },
    "7ee09e0939b131fe5acc13906c613265ab8a9548": {
        "org.apache.hadoop.http.ss": 22,
        "org.apache.hadoop.security.http.ss": 5,
        "org.apache.hadoop.io.ss": 173,
        "org.apache.hadoop.util.ss": 143,
        "org.apache.hadoop.ha.ss": 68,
        "org.apache.hadoop.ipc.ss": 125,
        "org.apache.hadoop.util.curator.ss": 9,
        "org.apache.hadoop.metrics2.sink.ss": 10,
        "org.apache.hadoop.security.ss": 87,
        "org.apache.hadoop.ha.proto.ss": 73,
        "org.apache.hadoop.ipc.protobuf.ss": 69,
        "org.apache.hadoop.fs.ss": 233,
        "org.apache.hadoop.io.serializer.ss": 13,
        "org.apache.hadoop.metrics2.lib.ss": 52,
        "org.apache.hadoop.fs.sftp.ss": 5,
        "org.apache.hadoop.http.lib.ss": 4,
        "org.apache.hadoop.service.ss": 12,
        "org.apache.hadoop.fs.crypto.ss": 5,
        "org.apache.hadoop.metrics2.sink.ganglia.ss": 9,
        "org.apache.hadoop.crypto.key.kms.ss": 62,
        "org.apache.hadoop.io.compress.bzip2.ss": 16,
        "org.apache.hadoop.net.ss": 28,
        "org.apache.hadoop.io.compress.zlib.ss": 13,
        "org.apache.hadoop.metrics2.impl.ss": 54,
        "org.apache.hadoop.conf.ss": 56,
        "org.apache.hadoop.tracing.ss": 59,
        "org.apache.hadoop.security.proto.ss": 86,
        "org.apache.hadoop.security.alias.ss": 24,
        "org.apache.hadoop.ha.protocolPB.ss": 5,
        "org.apache.hadoop.io.compress.ss": 21,
        "org.apache.hadoop.io.retry.ss": 45,
        "org.apache.hadoop.metrics2.util.ss": 7,
        "org.apache.hadoop.ipc.proto.ss": 44,
        "org.apache.hadoop.security.token.delegation.web.ss": 35,
        "org.apache.hadoop.tools.proto.ss": 20,
        "org.apache.hadoop.fs.shell.ss": 111,
        "org.apache.hadoop.crypto.key.ss": 29,
        "org.apache.hadoop.security.authorize.ss": 11,
        "org.apache.hadoop.log.metrics.ss": 4,
        "org.apache.hadoop.net.unix.ss": 12,
        "org.apache.hadoop.crypto.ss": 15,
        "org.apache.hadoop.log.ss": 6,
        "org.apache.hadoop.fs.shell.find.ss": 17,
        "org.apache.hadoop.util.hash.ss": 3,
        "org.apache.hadoop.io.erasurecode.codec.ss": 34,
        "org.apache.hadoop.fs.local.ss": 3,
        "org.apache.hadoop.util.bloom.ss": 2,
        "org.apache.hadoop.io.erasurecode.rawcoder.ss": 14,
        "org.apache.hadoop.security.token.ss": 18,
        "org.apache.hadoop.fs.http.ss": 3,
        "org.apache.hadoop.io.file.tfile.ss": 66,
        "org.apache.hadoop.metrics2.ss": 2,
        "org.apache.hadoop.fs.protocolPB.ss": 3,
        "org.apache.hadoop.fs.permission.ss": 9,
        "org.apache.hadoop.io.serializer.avro.ss": 8,
        "org.apache.hadoop.security.ssl.ss": 13,
        "org.apache.hadoop.service.launcher.ss": 17,
        "org.apache.hadoop.fs.ftp.ss": 6,
        "org.apache.hadoop.io.nativeio.ss": 12,
        "org.apache.hadoop.metrics2.source.ss": 4,
        "org.apache.hadoop.io.erasurecode.ss": 35,
        "org.apache.hadoop.security.token.delegation.ss": 11,
        "org.apache.hadoop.fs.viewfs.ss": 69,
        "org.apache.hadoop.util.concurrent.ss": 4
    },
    "84f10fd78b08db80fb1d9bd03f2598e3f3757f02": {
        "org.apache.hadoop.util.curator.ss": 2,
        "org.apache.hadoop.http.ss": 35,
        "org.apache.hadoop.ha.ss": 61,
        "org.apache.hadoop.ipc.ss": 142,
        "org.apache.hadoop.security.http.ss": 5,
        "org.apache.hadoop.util.ss": 164,
        "org.apache.hadoop.metrics2.sink.ss": 10,
        "org.apache.hadoop.security.ssl.ss": 18,
        "org.apache.hadoop.io.ss": 167,
        "org.apache.hadoop.fs.ss": 324,
        "org.apache.hadoop.security.authentication.server.ss": 4,
        "org.apache.hadoop.util.concurrent.ss": 6,
        "org.apache.hadoop.security.ss": 123,
        "org.apache.hadoop.fs.viewfs.ss": 60,
        "org.apache.hadoop.fs.statistics.impl.ss": 26,
        "org.apache.hadoop.service.ss": 12,
        "org.apache.hadoop.fs.sftp.ss": 6,
        "org.apache.hadoop.io.serializer.ss": 13,
        "org.apache.hadoop.fs.crypto.ss": 4,
        "org.apache.hadoop.fs.store.audit.ss": 5,
        "org.apache.hadoop.http.lib.ss": 4,
        "org.apache.hadoop.conf.ss": 40,
        "org.apache.hadoop.metrics2.impl.ss": 50,
        "org.apache.hadoop.metrics2.sink.ganglia.ss": 9,
        "org.apache.hadoop.net.ss": 27,
        "org.apache.hadoop.metrics2.lib.ss": 52,
        "org.apache.hadoop.io.compress.bzip2.ss": 16,
        "org.apache.hadoop.crypto.key.kms.ss": 64,
        "org.apache.hadoop.ha.protocolPB.ss": 10,
        "org.apache.hadoop.fs.shell.ss": 190,
        "org.apache.hadoop.security.alias.ss": 33,
        "org.apache.hadoop.ipc.protobuf.ss": 89,
        "org.apache.hadoop.io.retry.ss": 49,
        "org.apache.hadoop.security.token.delegation.web.ss": 35,
        "org.apache.hadoop.crypto.key.ss": 31,
        "org.apache.hadoop.tracing.ss": 81,
        "org.apache.hadoop.log.ss": 11,
        "org.apache.hadoop.security.authorize.ss": 11,
        "org.apache.hadoop.io.erasurecode.rawcoder.ss": 16,
        "org.apache.hadoop.fs.impl.ss": 25,
        "org.apache.hadoop.fs.store.ss": 16,
        "org.apache.hadoop.io.compress.ss": 35,
        "org.apache.hadoop.fs.shell.find.ss": 17,
        "org.apache.hadoop.fs.audit.ss": 3,
        "org.apache.hadoop.crypto.ss": 6,
        "org.apache.hadoop.util.hash.ss": 3,
        "org.apache.hadoop.fs.local.ss": 3,
        "org.apache.hadoop.util.bloom.ss": 2,
        "org.apache.hadoop.net.unix.ss": 13,
        "org.apache.hadoop.io.erasurecode.codec.ss": 35,
        "org.apache.hadoop.ha.proto.ss": 81,
        "org.apache.hadoop.security.token.ss": 20,
        "org.apache.hadoop.metrics2.util.ss": 8,
        "org.apache.hadoop.io.file.tfile.ss": 66,
        "org.apache.hadoop.fs.http.ss": 3,
        "org.apache.hadoop.metrics2.ss": 2,
        "org.apache.hadoop.fs.statistics.ss": 12,
        "org.apache.hadoop.io.serializer.avro.ss": 8,
        "org.apache.hadoop.fs.permission.ss": 9,
        "org.apache.hadoop.fs.ftp.ss": 6,
        "org.apache.hadoop.fs.protocolPB.ss": 3,
        "org.apache.hadoop.io.compress.zlib.ss": 10,
        "org.apache.hadoop.service.launcher.ss": 17,
        "org.apache.hadoop.io.erasurecode.ss": 21,
        "org.apache.hadoop.io.nativeio.ss": 17,
        "org.apache.hadoop.util.functional.ss": 13,
        "org.apache.hadoop.security.token.delegation.ss": 12,
        "org.apache.hadoop.metrics2.source.ss": 4,
        "org.apache.hadoop.ipc.proto.ss": 43,
        "org.apache.hadoop.security.proto.ss": 83,
        "org.apache.hadoop.tools.proto.ss": 21
    },
    "8d34a17407942bcdd0a631657dd3602f89bb7fca": {
        "org.apache.hadoop.http.ss": 10,
        "org.apache.hadoop.io.ss": 142,
        "org.apache.hadoop.util.ss": 50,
        "org.apache.hadoop.fs.ss": 127,
        "org.apache.hadoop.security.ss": 44,
        "org.apache.hadoop.io.serializer.ss": 13,
        "org.apache.hadoop.metrics2.lib.ss": 38,
        "org.apache.hadoop.http.lib.ss": 4,
        "org.apache.hadoop.conf.ss": 13,
        "org.apache.hadoop.metrics.spi.ss": 13,
        "org.apache.hadoop.record.ss": 19,
        "org.apache.hadoop.metrics.ganglia.ss": 3,
        "org.apache.hadoop.io.compress.bzip2.ss": 11,
        "org.apache.hadoop.fs.shell.ss": 70,
        "org.apache.hadoop.ipc.ss": 59,
        "org.apache.hadoop.io.retry.ss": 20,
        "org.apache.hadoop.metrics2.sink.ganglia.ss": 10,
        "org.apache.hadoop.net.ss": 17,
        "org.apache.hadoop.io.compress.zlib.ss": 12,
        "org.apache.hadoop.metrics2.impl.ss": 53,
        "org.apache.hadoop.record.compiler.ant.ss": 46,
        "org.apache.hadoop.fs.s3.ss": 16,
        "org.apache.hadoop.record.compiler.ss": 50,
        "org.apache.hadoop.io.compress.ss": 17,
        "org.apache.hadoop.metrics.ss": 4,
        "org.apache.hadoop.security.authorize.ss": 7,
        "org.apache.hadoop.util.hash.ss": 3,
        "org.apache.hadoop.metrics.util.ss": 14,
        "org.apache.hadoop.tools.ss": 2,
        "org.apache.hadoop.security.token.ss": 2,
        "org.apache.hadoop.log.metrics.ss": 4,
        "org.apache.hadoop.fs.local.ss": 3,
        "org.apache.hadoop.util.bloom.ss": 2,
        "org.apache.hadoop.metrics.jvm.ss": 2,
        "org.apache.hadoop.metrics2.util.ss": 3,
        "org.apache.hadoop.metrics2.ss": 2,
        "org.apache.hadoop.io.file.tfile.ss": 66,
        "org.apache.hadoop.fs.permission.ss": 8,
        "org.apache.hadoop.io.serializer.avro.ss": 8,
        "org.apache.hadoop.fs.ftp.ss": 7,
        "org.apache.hadoop.record.meta.ss": 9,
        "org.apache.hadoop.metrics2.source.ss": 4,
        "org.apache.hadoop.fs.kfs.ss": 5,
        "org.apache.hadoop.security.token.delegation.ss": 8,
        "org.apache.hadoop.fs.viewfs.ss": 31,
        "org.apache.hadoop.fs.s3native.ss": 13,
        "orphanContainer.ss": 4,
        "org.apache.hadoop.log.ss": 2
    },
    "a0f120ce68dddb0cb31b64c89f3224313f3cb5af": {
        "org.apache.hadoop.util.ss": 50,
        "org.apache.hadoop.http.ss": 10,
        "org.apache.hadoop.io.ss": 142,
        "org.apache.hadoop.fs.ss": 127,
        "org.apache.hadoop.security.ss": 48,
        "org.apache.hadoop.io.serializer.ss": 13,
        "org.apache.hadoop.metrics2.lib.ss": 38,
        "org.apache.hadoop.http.lib.ss": 4,
        "org.apache.hadoop.conf.ss": 13,
        "org.apache.hadoop.metrics.spi.ss": 13,
        "org.apache.hadoop.record.ss": 19,
        "org.apache.hadoop.metrics.ganglia.ss": 3,
        "org.apache.hadoop.io.compress.bzip2.ss": 11,
        "org.apache.hadoop.fs.shell.ss": 70,
        "org.apache.hadoop.ipc.ss": 59,
        "org.apache.hadoop.io.retry.ss": 20,
        "org.apache.hadoop.metrics2.sink.ganglia.ss": 10,
        "org.apache.hadoop.net.ss": 17,
        "org.apache.hadoop.io.compress.zlib.ss": 12,
        "org.apache.hadoop.metrics2.impl.ss": 53,
        "org.apache.hadoop.record.compiler.ant.ss": 46,
        "org.apache.hadoop.fs.s3.ss": 16,
        "org.apache.hadoop.record.compiler.ss": 50,
        "org.apache.hadoop.io.compress.ss": 17,
        "org.apache.hadoop.metrics.ss": 4,
        "org.apache.hadoop.security.authorize.ss": 7,
        "org.apache.hadoop.tools.ss": 2,
        "org.apache.hadoop.util.hash.ss": 3,
        "org.apache.hadoop.metrics.util.ss": 14,
        "org.apache.hadoop.security.token.ss": 2,
        "org.apache.hadoop.log.metrics.ss": 4,
        "org.apache.hadoop.fs.local.ss": 3,
        "org.apache.hadoop.util.bloom.ss": 2,
        "org.apache.hadoop.metrics.jvm.ss": 2,
        "org.apache.hadoop.metrics2.util.ss": 3,
        "org.apache.hadoop.metrics2.ss": 2,
        "org.apache.hadoop.io.file.tfile.ss": 66,
        "org.apache.hadoop.fs.permission.ss": 8,
        "org.apache.hadoop.io.serializer.avro.ss": 8,
        "org.apache.hadoop.fs.ftp.ss": 7,
        "org.apache.hadoop.record.meta.ss": 9,
        "org.apache.hadoop.metrics2.source.ss": 4,
        "org.apache.hadoop.fs.kfs.ss": 5,
        "org.apache.hadoop.security.token.delegation.ss": 8,
        "org.apache.hadoop.fs.viewfs.ss": 31,
        "org.apache.hadoop.fs.s3native.ss": 13,
        "orphanContainer.ss": 4,
        "org.apache.hadoop.log.ss": 2
    },
    "ab8368d2e0f3931615e6ef4550ad75d9e56047d2": {
        "org.apache.hadoop.http.ss": 22,
        "org.apache.hadoop.security.http.ss": 5,
        "org.apache.hadoop.io.ss": 173,
        "org.apache.hadoop.util.ss": 143,
        "org.apache.hadoop.ha.ss": 68,
        "org.apache.hadoop.ipc.ss": 125,
        "org.apache.hadoop.util.curator.ss": 9,
        "org.apache.hadoop.metrics2.sink.ss": 10,
        "org.apache.hadoop.security.ss": 87,
        "org.apache.hadoop.ha.proto.ss": 73,
        "org.apache.hadoop.ipc.protobuf.ss": 69,
        "org.apache.hadoop.fs.ss": 233,
        "org.apache.hadoop.io.serializer.ss": 13,
        "org.apache.hadoop.metrics2.lib.ss": 52,
        "org.apache.hadoop.fs.sftp.ss": 5,
        "org.apache.hadoop.http.lib.ss": 4,
        "org.apache.hadoop.service.ss": 12,
        "org.apache.hadoop.fs.crypto.ss": 5,
        "org.apache.hadoop.metrics2.sink.ganglia.ss": 9,
        "org.apache.hadoop.crypto.key.kms.ss": 62,
        "org.apache.hadoop.io.compress.bzip2.ss": 16,
        "org.apache.hadoop.net.ss": 28,
        "org.apache.hadoop.io.compress.zlib.ss": 13,
        "org.apache.hadoop.metrics2.impl.ss": 54,
        "org.apache.hadoop.conf.ss": 56,
        "org.apache.hadoop.tracing.ss": 59,
        "org.apache.hadoop.security.proto.ss": 86,
        "org.apache.hadoop.security.alias.ss": 24,
        "org.apache.hadoop.ha.protocolPB.ss": 5,
        "org.apache.hadoop.io.compress.ss": 21,
        "org.apache.hadoop.io.retry.ss": 45,
        "org.apache.hadoop.metrics2.util.ss": 7,
        "org.apache.hadoop.ipc.proto.ss": 44,
        "org.apache.hadoop.security.token.delegation.web.ss": 35,
        "org.apache.hadoop.tools.proto.ss": 20,
        "org.apache.hadoop.fs.shell.ss": 111,
        "org.apache.hadoop.crypto.key.ss": 29,
        "org.apache.hadoop.security.authorize.ss": 11,
        "org.apache.hadoop.log.metrics.ss": 4,
        "org.apache.hadoop.net.unix.ss": 12,
        "org.apache.hadoop.crypto.ss": 15,
        "org.apache.hadoop.log.ss": 6,
        "org.apache.hadoop.fs.shell.find.ss": 17,
        "org.apache.hadoop.util.hash.ss": 3,
        "org.apache.hadoop.io.erasurecode.codec.ss": 34,
        "org.apache.hadoop.fs.local.ss": 3,
        "org.apache.hadoop.util.bloom.ss": 2,
        "org.apache.hadoop.io.erasurecode.rawcoder.ss": 14,
        "org.apache.hadoop.security.token.ss": 18,
        "org.apache.hadoop.fs.http.ss": 3,
        "org.apache.hadoop.io.file.tfile.ss": 66,
        "org.apache.hadoop.metrics2.ss": 2,
        "org.apache.hadoop.fs.protocolPB.ss": 3,
        "org.apache.hadoop.fs.permission.ss": 9,
        "org.apache.hadoop.io.serializer.avro.ss": 8,
        "org.apache.hadoop.security.ssl.ss": 13,
        "org.apache.hadoop.service.launcher.ss": 17,
        "org.apache.hadoop.fs.ftp.ss": 6,
        "org.apache.hadoop.io.nativeio.ss": 12,
        "org.apache.hadoop.metrics2.source.ss": 4,
        "org.apache.hadoop.io.erasurecode.ss": 35,
        "org.apache.hadoop.security.token.delegation.ss": 11,
        "org.apache.hadoop.fs.viewfs.ss": 69,
        "org.apache.hadoop.util.concurrent.ss": 4
    },
    "bdf3de9f6b377b6bfeaa95faadd12e7b29ece5dc": {
        "org.apache.hadoop.http.ss": 18,
        "org.apache.hadoop.io.ss": 201,
        "org.apache.hadoop.util.ss": 115,
        "org.apache.hadoop.ha.ss": 64,
        "org.apache.hadoop.ipc.ss": 86,
        "org.apache.hadoop.ha.proto.ss": 73,
        "org.apache.hadoop.fs.ss": 175,
        "org.apache.hadoop.ipc.protobuf.ss": 65,
        "org.apache.hadoop.io.serializer.ss": 13,
        "org.apache.hadoop.metrics.spi.ss": 13,
        "org.apache.hadoop.service.ss": 12,
        "org.apache.hadoop.metrics2.lib.ss": 41,
        "org.apache.hadoop.http.lib.ss": 4,
        "org.apache.hadoop.net.ss": 28,
        "org.apache.hadoop.conf.ss": 28,
        "org.apache.hadoop.metrics.ganglia.ss": 3,
        "org.apache.hadoop.metrics2.sink.ganglia.ss": 10,
        "org.apache.hadoop.fs.shell.ss": 101,
        "org.apache.hadoop.io.compress.bzip2.ss": 16,
        "org.apache.hadoop.io.compress.zlib.ss": 13,
        "org.apache.hadoop.metrics2.util.ss": 6,
        "org.apache.hadoop.security.ss": 73,
        "org.apache.hadoop.metrics2.impl.ss": 54,
        "org.apache.hadoop.ha.protocolPB.ss": 5,
        "org.apache.hadoop.security.proto.ss": 78,
        "org.apache.hadoop.io.compress.ss": 11,
        "org.apache.hadoop.ipc.proto.ss": 44,
        "org.apache.hadoop.tools.proto.ss": 20,
        "org.apache.hadoop.io.retry.ss": 30,
        "org.apache.hadoop.security.alias.ss": 17,
        "org.apache.hadoop.fs.s3.ss": 16,
        "org.apache.hadoop.crypto.key.ss": 15,
        "org.apache.hadoop.security.authorize.ss": 12,
        "org.apache.hadoop.metrics.ss": 4,
        "org.apache.hadoop.log.metrics.ss": 4,
        "org.apache.hadoop.net.unix.ss": 11,
        "org.apache.hadoop.metrics.util.ss": 14,
        "org.apache.hadoop.fs.permission.ss": 11,
        "org.apache.hadoop.util.hash.ss": 3,
        "org.apache.hadoop.fs.local.ss": 3,
        "org.apache.hadoop.util.bloom.ss": 2,
        "org.apache.hadoop.metrics.jvm.ss": 2,
        "org.apache.hadoop.security.token.ss": 6,
        "org.apache.hadoop.io.file.tfile.ss": 65,
        "org.apache.hadoop.metrics2.ss": 2,
        "org.apache.hadoop.io.serializer.avro.ss": 8,
        "org.apache.hadoop.fs.ftp.ss": 6,
        "org.apache.hadoop.security.ssl.ss": 15,
        "org.apache.hadoop.io.nativeio.ss": 12,
        "org.apache.hadoop.metrics2.source.ss": 4,
        "org.apache.hadoop.fs.viewfs.ss": 35,
        "org.apache.hadoop.security.token.delegation.ss": 9,
        "org.apache.hadoop.crypto.key.kms.ss": 14,
        "org.apache.hadoop.fs.s3native.ss": 13,
        "org.apache.hadoop.log.ss": 2
    },
    "c802ca28fd2c9fd35a662b8dd6b675e2aaa515d1": {
        "org.apache.hadoop.http.ss": 18,
        "org.apache.hadoop.util.ss": 115,
        "org.apache.hadoop.io.ss": 200,
        "org.apache.hadoop.ha.ss": 64,
        "org.apache.hadoop.ipc.protobuf.ss": 65,
        "org.apache.hadoop.ha.proto.ss": 73,
        "org.apache.hadoop.fs.ss": 171,
        "org.apache.hadoop.ipc.ss": 82,
        "org.apache.hadoop.metrics2.lib.ss": 41,
        "org.apache.hadoop.io.serializer.ss": 13,
        "org.apache.hadoop.service.ss": 12,
        "org.apache.hadoop.http.lib.ss": 4,
        "org.apache.hadoop.metrics.spi.ss": 13,
        "org.apache.hadoop.metrics2.impl.ss": 54,
        "org.apache.hadoop.io.compress.zlib.ss": 13,
        "org.apache.hadoop.conf.ss": 27,
        "org.apache.hadoop.metrics2.util.ss": 6,
        "org.apache.hadoop.metrics.ganglia.ss": 3,
        "org.apache.hadoop.security.ss": 73,
        "org.apache.hadoop.fs.shell.ss": 100,
        "org.apache.hadoop.net.ss": 28,
        "org.apache.hadoop.io.compress.bzip2.ss": 16,
        "org.apache.hadoop.metrics2.sink.ganglia.ss": 10,
        "org.apache.hadoop.fs.s3.ss": 16,
        "org.apache.hadoop.ha.protocolPB.ss": 5,
        "org.apache.hadoop.security.proto.ss": 78,
        "org.apache.hadoop.crypto.key.ss": 15,
        "org.apache.hadoop.io.retry.ss": 30,
        "org.apache.hadoop.tools.proto.ss": 20,
        "org.apache.hadoop.ipc.proto.ss": 20,
        "org.apache.hadoop.io.compress.ss": 11,
        "org.apache.hadoop.metrics.ss": 4,
        "org.apache.hadoop.security.authorize.ss": 12,
        "org.apache.hadoop.log.metrics.ss": 4,
        "org.apache.hadoop.util.hash.ss": 3,
        "org.apache.hadoop.fs.permission.ss": 11,
        "org.apache.hadoop.metrics.util.ss": 14,
        "org.apache.hadoop.net.unix.ss": 11,
        "org.apache.hadoop.fs.local.ss": 3,
        "org.apache.hadoop.util.bloom.ss": 2,
        "org.apache.hadoop.metrics.jvm.ss": 2,
        "org.apache.hadoop.security.token.ss": 6,
        "org.apache.hadoop.io.file.tfile.ss": 65,
        "org.apache.hadoop.metrics2.ss": 2,
        "org.apache.hadoop.security.ssl.ss": 15,
        "org.apache.hadoop.io.serializer.avro.ss": 8,
        "org.apache.hadoop.fs.ftp.ss": 6,
        "org.apache.hadoop.io.nativeio.ss": 12,
        "org.apache.hadoop.metrics2.source.ss": 4,
        "org.apache.hadoop.fs.viewfs.ss": 35,
        "org.apache.hadoop.security.token.delegation.ss": 9,
        "org.apache.hadoop.crypto.key.kms.ss": 14,
        "org.apache.hadoop.fs.s3native.ss": 13,
        "org.apache.hadoop.log.ss": 2
    },
    "cbbb899aedacd59040f55ac5ed911c1e62bf3879": {
        "org.apache.hadoop.http.ss": 18,
        "org.apache.hadoop.ipc.ss": 97,
        "org.apache.hadoop.io.ss": 203,
        "org.apache.hadoop.util.ss": 119,
        "org.apache.hadoop.ha.ss": 64,
        "org.apache.hadoop.fs.ss": 179,
        "org.apache.hadoop.ha.proto.ss": 73,
        "org.apache.hadoop.ipc.protobuf.ss": 65,
        "org.apache.hadoop.fs.crypto.ss": 6,
        "org.apache.hadoop.io.serializer.ss": 13,
        "org.apache.hadoop.metrics.spi.ss": 13,
        "org.apache.hadoop.http.lib.ss": 6,
        "org.apache.hadoop.service.ss": 12,
        "org.apache.hadoop.metrics2.lib.ss": 41,
        "org.apache.hadoop.metrics2.util.ss": 6,
        "org.apache.hadoop.metrics2.impl.ss": 54,
        "org.apache.hadoop.fs.shell.ss": 96,
        "org.apache.hadoop.conf.ss": 28,
        "org.apache.hadoop.net.ss": 27,
        "org.apache.hadoop.metrics2.sink.ganglia.ss": 10,
        "org.apache.hadoop.security.ss": 69,
        "org.apache.hadoop.io.compress.zlib.ss": 13,
        "org.apache.hadoop.metrics.ganglia.ss": 3,
        "org.apache.hadoop.io.compress.bzip2.ss": 16,
        "org.apache.hadoop.ipc.proto.ss": 44,
        "org.apache.hadoop.security.proto.ss": 78,
        "org.apache.hadoop.crypto.ss": 14,
        "org.apache.hadoop.io.retry.ss": 30,
        "org.apache.hadoop.crypto.key.ss": 36,
        "org.apache.hadoop.tools.proto.ss": 20,
        "org.apache.hadoop.security.alias.ss": 17,
        "org.apache.hadoop.ha.protocolPB.ss": 5,
        "org.apache.hadoop.fs.s3.ss": 16,
        "org.apache.hadoop.security.token.delegation.web.ss": 28,
        "org.apache.hadoop.io.compress.ss": 12,
        "org.apache.hadoop.metrics.ss": 4,
        "org.apache.hadoop.security.authorize.ss": 11,
        "org.apache.hadoop.metrics.util.ss": 14,
        "org.apache.hadoop.util.hash.ss": 3,
        "org.apache.hadoop.net.unix.ss": 11,
        "org.apache.hadoop.log.metrics.ss": 4,
        "org.apache.hadoop.fs.local.ss": 3,
        "org.apache.hadoop.util.bloom.ss": 2,
        "org.apache.hadoop.metrics.jvm.ss": 2,
        "org.apache.hadoop.security.token.ss": 6,
        "org.apache.hadoop.crypto.key.kms.ss": 27,
        "org.apache.hadoop.io.file.tfile.ss": 66,
        "org.apache.hadoop.metrics2.ss": 2,
        "org.apache.hadoop.security.ssl.ss": 14,
        "org.apache.hadoop.fs.permission.ss": 8,
        "org.apache.hadoop.io.serializer.avro.ss": 8,
        "org.apache.hadoop.fs.ftp.ss": 6,
        "org.apache.hadoop.io.nativeio.ss": 12,
        "org.apache.hadoop.metrics2.source.ss": 4,
        "org.apache.hadoop.fs.viewfs.ss": 44,
        "org.apache.hadoop.security.token.delegation.ss": 7,
        "org.apache.hadoop.fs.s3native.ss": 10,
        "org.apache.hadoop.log.ss": 2
    },
    "cd24e955cf7720cc4ad7687a0341b6e383722b64": {
        "org.apache.hadoop.http.ss": 18,
        "org.apache.hadoop.io.ss": 200,
        "org.apache.hadoop.ha.ss": 64,
        "org.apache.hadoop.util.ss": 115,
        "org.apache.hadoop.ipc.protobuf.ss": 65,
        "org.apache.hadoop.ha.proto.ss": 73,
        "org.apache.hadoop.fs.ss": 171,
        "org.apache.hadoop.ipc.ss": 83,
        "org.apache.hadoop.metrics2.lib.ss": 41,
        "org.apache.hadoop.io.serializer.ss": 13,
        "org.apache.hadoop.service.ss": 12,
        "org.apache.hadoop.http.lib.ss": 4,
        "org.apache.hadoop.metrics.spi.ss": 13,
        "org.apache.hadoop.net.ss": 28,
        "org.apache.hadoop.metrics2.impl.ss": 53,
        "org.apache.hadoop.io.compress.zlib.ss": 13,
        "org.apache.hadoop.conf.ss": 27,
        "org.apache.hadoop.metrics2.util.ss": 6,
        "org.apache.hadoop.metrics.ganglia.ss": 3,
        "org.apache.hadoop.metrics2.sink.ganglia.ss": 10,
        "org.apache.hadoop.fs.shell.ss": 100,
        "org.apache.hadoop.io.compress.bzip2.ss": 16,
        "org.apache.hadoop.security.ss": 74,
        "org.apache.hadoop.fs.s3.ss": 16,
        "org.apache.hadoop.ha.protocolPB.ss": 5,
        "org.apache.hadoop.security.proto.ss": 78,
        "org.apache.hadoop.crypto.key.ss": 15,
        "org.apache.hadoop.io.retry.ss": 30,
        "org.apache.hadoop.ipc.proto.ss": 20,
        "org.apache.hadoop.tools.proto.ss": 20,
        "org.apache.hadoop.io.compress.ss": 11,
        "org.apache.hadoop.metrics.ss": 4,
        "org.apache.hadoop.security.authorize.ss": 8,
        "org.apache.hadoop.log.metrics.ss": 4,
        "org.apache.hadoop.util.hash.ss": 3,
        "org.apache.hadoop.fs.permission.ss": 11,
        "org.apache.hadoop.metrics.util.ss": 14,
        "org.apache.hadoop.net.unix.ss": 11,
        "org.apache.hadoop.fs.local.ss": 3,
        "org.apache.hadoop.util.bloom.ss": 2,
        "org.apache.hadoop.metrics.jvm.ss": 2,
        "org.apache.hadoop.security.token.ss": 6,
        "org.apache.hadoop.io.file.tfile.ss": 65,
        "org.apache.hadoop.metrics2.ss": 2,
        "org.apache.hadoop.io.serializer.avro.ss": 8,
        "org.apache.hadoop.fs.ftp.ss": 6,
        "org.apache.hadoop.security.ssl.ss": 15,
        "org.apache.hadoop.io.nativeio.ss": 12,
        "org.apache.hadoop.metrics2.source.ss": 4,
        "org.apache.hadoop.fs.viewfs.ss": 35,
        "org.apache.hadoop.security.token.delegation.ss": 9,
        "org.apache.hadoop.crypto.key.kms.ss": 14,
        "org.apache.hadoop.fs.s3native.ss": 13,
        "org.apache.hadoop.log.ss": 2
    },
    "d282b7d2cb6e7f73ec6ac16a4b15820f7c12d38e": {
        "org.apache.hadoop.http.ss": 18,
        "org.apache.hadoop.ipc.ss": 86,
        "org.apache.hadoop.io.ss": 201,
        "org.apache.hadoop.ha.ss": 64,
        "org.apache.hadoop.util.ss": 115,
        "org.apache.hadoop.ha.proto.ss": 73,
        "org.apache.hadoop.ipc.protobuf.ss": 65,
        "org.apache.hadoop.fs.ss": 175,
        "org.apache.hadoop.metrics2.lib.ss": 41,
        "org.apache.hadoop.metrics.spi.ss": 13,
        "org.apache.hadoop.http.lib.ss": 4,
        "org.apache.hadoop.io.serializer.ss": 13,
        "org.apache.hadoop.service.ss": 12,
        "org.apache.hadoop.net.ss": 28,
        "org.apache.hadoop.conf.ss": 27,
        "org.apache.hadoop.security.ss": 73,
        "org.apache.hadoop.fs.shell.ss": 101,
        "org.apache.hadoop.metrics2.impl.ss": 54,
        "org.apache.hadoop.metrics2.sink.ganglia.ss": 10,
        "org.apache.hadoop.io.compress.bzip2.ss": 16,
        "org.apache.hadoop.io.compress.zlib.ss": 13,
        "org.apache.hadoop.metrics2.util.ss": 6,
        "org.apache.hadoop.metrics.ganglia.ss": 3,
        "org.apache.hadoop.security.proto.ss": 78,
        "org.apache.hadoop.io.retry.ss": 30,
        "org.apache.hadoop.crypto.key.ss": 15,
        "org.apache.hadoop.tools.proto.ss": 20,
        "org.apache.hadoop.io.compress.ss": 11,
        "org.apache.hadoop.ipc.proto.ss": 44,
        "org.apache.hadoop.ha.protocolPB.ss": 5,
        "org.apache.hadoop.fs.s3.ss": 16,
        "org.apache.hadoop.metrics.ss": 4,
        "org.apache.hadoop.security.authorize.ss": 12,
        "org.apache.hadoop.metrics.util.ss": 14,
        "org.apache.hadoop.net.unix.ss": 11,
        "org.apache.hadoop.log.metrics.ss": 4,
        "org.apache.hadoop.fs.permission.ss": 11,
        "org.apache.hadoop.util.hash.ss": 3,
        "org.apache.hadoop.fs.local.ss": 3,
        "org.apache.hadoop.util.bloom.ss": 2,
        "org.apache.hadoop.security.token.ss": 6,
        "org.apache.hadoop.metrics.jvm.ss": 2,
        "org.apache.hadoop.io.file.tfile.ss": 65,
        "org.apache.hadoop.metrics2.ss": 2,
        "org.apache.hadoop.io.serializer.avro.ss": 8,
        "org.apache.hadoop.security.ssl.ss": 15,
        "org.apache.hadoop.fs.ftp.ss": 6,
        "org.apache.hadoop.io.nativeio.ss": 12,
        "org.apache.hadoop.metrics2.source.ss": 4,
        "org.apache.hadoop.fs.viewfs.ss": 35,
        "org.apache.hadoop.security.token.delegation.ss": 9,
        "org.apache.hadoop.crypto.key.kms.ss": 14,
        "org.apache.hadoop.fs.s3native.ss": 13,
        "org.apache.hadoop.log.ss": 2
    },
    "da0a6ba1ce7667f1f58cc0f766ce65d126efcaf2": {
        "org.apache.hadoop.ha.ss": 61,
        "org.apache.hadoop.util.ss": 164,
        "org.apache.hadoop.util.curator.ss": 2,
        "org.apache.hadoop.metrics2.sink.ss": 10,
        "org.apache.hadoop.security.http.ss": 5,
        "org.apache.hadoop.http.ss": 35,
        "org.apache.hadoop.ipc.ss": 142,
        "org.apache.hadoop.io.ss": 167,
        "org.apache.hadoop.fs.ss": 324,
        "org.apache.hadoop.security.authentication.server.ss": 4,
        "org.apache.hadoop.security.ssl.ss": 18,
        "org.apache.hadoop.util.concurrent.ss": 6,
        "org.apache.hadoop.security.ss": 123,
        "org.apache.hadoop.fs.store.audit.ss": 5,
        "org.apache.hadoop.fs.statistics.impl.ss": 25,
        "org.apache.hadoop.io.serializer.ss": 13,
        "org.apache.hadoop.fs.sftp.ss": 6,
        "org.apache.hadoop.service.ss": 12,
        "org.apache.hadoop.http.lib.ss": 4,
        "org.apache.hadoop.fs.viewfs.ss": 60,
        "org.apache.hadoop.fs.crypto.ss": 4,
        "org.apache.hadoop.metrics2.sink.ganglia.ss": 9,
        "org.apache.hadoop.conf.ss": 40,
        "org.apache.hadoop.net.ss": 27,
        "org.apache.hadoop.metrics2.lib.ss": 52,
        "org.apache.hadoop.metrics2.impl.ss": 50,
        "org.apache.hadoop.io.compress.bzip2.ss": 16,
        "org.apache.hadoop.crypto.key.kms.ss": 64,
        "org.apache.hadoop.fs.shell.ss": 189,
        "org.apache.hadoop.io.retry.ss": 49,
        "org.apache.hadoop.ipc.protobuf.ss": 89,
        "org.apache.hadoop.security.alias.ss": 33,
        "org.apache.hadoop.ha.protocolPB.ss": 10,
        "org.apache.hadoop.crypto.key.ss": 31,
        "org.apache.hadoop.tracing.ss": 81,
        "org.apache.hadoop.security.token.delegation.web.ss": 35,
        "org.apache.hadoop.log.ss": 11,
        "org.apache.hadoop.security.authorize.ss": 11,
        "org.apache.hadoop.fs.impl.ss": 25,
        "org.apache.hadoop.io.compress.ss": 35,
        "org.apache.hadoop.io.erasurecode.rawcoder.ss": 16,
        "org.apache.hadoop.fs.shell.find.ss": 17,
        "org.apache.hadoop.fs.store.ss": 16,
        "org.apache.hadoop.fs.audit.ss": 3,
        "org.apache.hadoop.crypto.ss": 6,
        "org.apache.hadoop.net.unix.ss": 13,
        "org.apache.hadoop.fs.local.ss": 3,
        "org.apache.hadoop.util.hash.ss": 3,
        "org.apache.hadoop.util.bloom.ss": 2,
        "org.apache.hadoop.io.erasurecode.codec.ss": 35,
        "org.apache.hadoop.ha.proto.ss": 81,
        "org.apache.hadoop.security.token.ss": 20,
        "org.apache.hadoop.metrics2.util.ss": 8,
        "org.apache.hadoop.io.file.tfile.ss": 66,
        "org.apache.hadoop.metrics2.ss": 2,
        "org.apache.hadoop.fs.http.ss": 3,
        "org.apache.hadoop.fs.statistics.ss": 14,
        "org.apache.hadoop.io.serializer.avro.ss": 8,
        "org.apache.hadoop.fs.permission.ss": 9,
        "org.apache.hadoop.fs.ftp.ss": 6,
        "org.apache.hadoop.fs.protocolPB.ss": 3,
        "org.apache.hadoop.io.compress.zlib.ss": 10,
        "org.apache.hadoop.service.launcher.ss": 17,
        "org.apache.hadoop.io.erasurecode.ss": 21,
        "org.apache.hadoop.io.nativeio.ss": 17,
        "org.apache.hadoop.util.functional.ss": 13,
        "org.apache.hadoop.security.token.delegation.ss": 12,
        "org.apache.hadoop.metrics2.source.ss": 4,
        "org.apache.hadoop.ipc.proto.ss": 43,
        "org.apache.hadoop.tools.proto.ss": 21,
        "org.apache.hadoop.security.proto.ss": 83
    },
    "e639c3357bcc6aa086916ebf1f9533f59d15a4b7": {
        "org.apache.hadoop.http.ss": 10,
        "org.apache.hadoop.util.ss": 53,
        "org.apache.hadoop.io.ss": 140,
        "org.apache.hadoop.fs.ss": 127,
        "org.apache.hadoop.security.ss": 42,
        "org.apache.hadoop.record.ss": 19,
        "org.apache.hadoop.io.serializer.ss": 13,
        "org.apache.hadoop.http.lib.ss": 6,
        "org.apache.hadoop.conf.ss": 13,
        "org.apache.hadoop.metrics2.lib.ss": 38,
        "org.apache.hadoop.metrics.spi.ss": 13,
        "org.apache.hadoop.net.ss": 17,
        "org.apache.hadoop.io.compress.bzip2.ss": 11,
        "org.apache.hadoop.fs.shell.ss": 70,
        "org.apache.hadoop.io.compress.zlib.ss": 12,
        "org.apache.hadoop.io.retry.ss": 20,
        "org.apache.hadoop.metrics2.sink.ganglia.ss": 10,
        "org.apache.hadoop.ipc.ss": 59,
        "org.apache.hadoop.metrics.ganglia.ss": 3,
        "org.apache.hadoop.metrics2.impl.ss": 53,
        "org.apache.hadoop.record.compiler.ss": 50,
        "org.apache.hadoop.fs.s3.ss": 16,
        "org.apache.hadoop.io.compress.ss": 17,
        "org.apache.hadoop.record.compiler.ant.ss": 46,
        "org.apache.hadoop.metrics.ss": 4,
        "org.apache.hadoop.security.authorize.ss": 7,
        "org.apache.hadoop.security.token.ss": 2,
        "org.apache.hadoop.util.hash.ss": 3,
        "org.apache.hadoop.log.metrics.ss": 4,
        "org.apache.hadoop.metrics.util.ss": 14,
        "org.apache.hadoop.tools.ss": 2,
        "org.apache.hadoop.fs.local.ss": 3,
        "org.apache.hadoop.util.bloom.ss": 2,
        "org.apache.hadoop.metrics2.util.ss": 3,
        "org.apache.hadoop.metrics.jvm.ss": 2,
        "org.apache.hadoop.io.file.tfile.ss": 66,
        "org.apache.hadoop.metrics2.ss": 2,
        "org.apache.hadoop.fs.permission.ss": 8,
        "org.apache.hadoop.io.serializer.avro.ss": 8,
        "org.apache.hadoop.fs.ftp.ss": 7,
        "org.apache.hadoop.record.meta.ss": 9,
        "org.apache.hadoop.metrics2.source.ss": 4,
        "org.apache.hadoop.fs.kfs.ss": 5,
        "org.apache.hadoop.security.token.delegation.ss": 8,
        "org.apache.hadoop.fs.viewfs.ss": 31,
        "org.apache.hadoop.fs.s3native.ss": 13,
        "orphanContainer.ss": 4,
        "org.apache.hadoop.log.ss": 2
    },
    "f6d24536ba9e283a1a918531bfdc2786801fa1d3": {
        "org.apache.hadoop.http.ss": 10,
        "org.apache.hadoop.io.ss": 142,
        "org.apache.hadoop.util.ss": 50,
        "org.apache.hadoop.fs.ss": 127,
        "org.apache.hadoop.security.ss": 42,
        "org.apache.hadoop.io.serializer.ss": 13,
        "org.apache.hadoop.metrics2.lib.ss": 38,
        "org.apache.hadoop.http.lib.ss": 6,
        "org.apache.hadoop.conf.ss": 13,
        "org.apache.hadoop.metrics.spi.ss": 13,
        "org.apache.hadoop.record.ss": 19,
        "org.apache.hadoop.metrics.ganglia.ss": 3,
        "org.apache.hadoop.io.compress.bzip2.ss": 11,
        "org.apache.hadoop.fs.shell.ss": 70,
        "org.apache.hadoop.ipc.ss": 59,
        "org.apache.hadoop.io.retry.ss": 20,
        "org.apache.hadoop.metrics2.sink.ganglia.ss": 10,
        "org.apache.hadoop.net.ss": 17,
        "org.apache.hadoop.io.compress.zlib.ss": 12,
        "org.apache.hadoop.metrics2.impl.ss": 53,
        "org.apache.hadoop.record.compiler.ant.ss": 46,
        "org.apache.hadoop.fs.s3.ss": 16,
        "org.apache.hadoop.record.compiler.ss": 50,
        "org.apache.hadoop.io.compress.ss": 17,
        "org.apache.hadoop.metrics.ss": 4,
        "org.apache.hadoop.security.authorize.ss": 7,
        "org.apache.hadoop.util.hash.ss": 3,
        "org.apache.hadoop.metrics.util.ss": 14,
        "org.apache.hadoop.tools.ss": 2,
        "org.apache.hadoop.security.token.ss": 2,
        "org.apache.hadoop.log.metrics.ss": 4,
        "org.apache.hadoop.fs.local.ss": 3,
        "org.apache.hadoop.util.bloom.ss": 2,
        "org.apache.hadoop.metrics.jvm.ss": 2,
        "org.apache.hadoop.metrics2.util.ss": 3,
        "org.apache.hadoop.metrics2.ss": 2,
        "org.apache.hadoop.io.file.tfile.ss": 66,
        "org.apache.hadoop.fs.permission.ss": 8,
        "org.apache.hadoop.io.serializer.avro.ss": 8,
        "org.apache.hadoop.fs.ftp.ss": 7,
        "org.apache.hadoop.record.meta.ss": 9,
        "org.apache.hadoop.metrics2.source.ss": 4,
        "org.apache.hadoop.fs.kfs.ss": 5,
        "org.apache.hadoop.security.token.delegation.ss": 8,
        "org.apache.hadoop.fs.viewfs.ss": 31,
        "org.apache.hadoop.fs.s3native.ss": 13,
        "orphanContainer.ss": 4,
        "org.apache.hadoop.log.ss": 2
    },
    "fff1d2c1226ec23841b04dd478e8b97f31abbeba": {
        "org.apache.hadoop.util.curator.ss": 9,
        "org.apache.hadoop.io.ss": 168,
        "org.apache.hadoop.http.ss": 30,
        "org.apache.hadoop.util.ss": 175,
        "org.apache.hadoop.ha.ss": 62,
        "org.apache.hadoop.ipc.ss": 141,
        "org.apache.hadoop.security.http.ss": 5,
        "org.apache.hadoop.metrics2.sink.ss": 10,
        "org.apache.hadoop.security.ss": 108,
        "org.apache.hadoop.security.ssl.ss": 16,
        "org.apache.hadoop.security.authentication.server.ss": 4,
        "org.apache.hadoop.fs.ss": 297,
        "org.apache.hadoop.metrics2.lib.ss": 51,
        "org.apache.hadoop.io.serializer.ss": 13,
        "org.apache.hadoop.service.ss": 12,
        "org.apache.hadoop.fs.sftp.ss": 6,
        "org.apache.hadoop.fs.crypto.ss": 5,
        "org.apache.hadoop.http.lib.ss": 4,
        "org.apache.hadoop.io.compress.bzip2.ss": 16,
        "org.apache.hadoop.conf.ss": 40,
        "org.apache.hadoop.io.compress.zlib.ss": 13,
        "org.apache.hadoop.net.ss": 28,
        "org.apache.hadoop.crypto.key.kms.ss": 66,
        "org.apache.hadoop.metrics2.sink.ganglia.ss": 9,
        "org.apache.hadoop.metrics2.impl.ss": 50,
        "org.apache.hadoop.crypto.key.ss": 30,
        "org.apache.hadoop.ha.protocolPB.ss": 10,
        "org.apache.hadoop.io.compress.ss": 25,
        "org.apache.hadoop.security.token.delegation.web.ss": 34,
        "org.apache.hadoop.fs.shell.ss": 119,
        "org.apache.hadoop.log.ss": 11,
        "org.apache.hadoop.metrics2.util.ss": 7,
        "org.apache.hadoop.io.retry.ss": 46,
        "org.apache.hadoop.fs.viewfs.ss": 78,
        "org.apache.hadoop.security.alias.ss": 25,
        "org.apache.hadoop.tracing.ss": 82,
        "org.apache.hadoop.security.authorize.ss": 11,
        "org.apache.hadoop.fs.impl.ss": 6,
        "org.apache.hadoop.log.metrics.ss": 4,
        "org.apache.hadoop.fs.shell.find.ss": 17,
        "org.apache.hadoop.crypto.ss": 15,
        "org.apache.hadoop.net.unix.ss": 13,
        "org.apache.hadoop.io.erasurecode.codec.ss": 34,
        "org.apache.hadoop.util.bloom.ss": 2,
        "org.apache.hadoop.util.hash.ss": 3,
        "org.apache.hadoop.fs.local.ss": 3,
        "org.apache.hadoop.io.erasurecode.rawcoder.ss": 14,
        "org.apache.hadoop.ha.proto.ss": 90,
        "org.apache.hadoop.security.token.ss": 19,
        "org.apache.hadoop.ipc.protobuf.ss": 77,
        "org.apache.hadoop.fs.http.ss": 3,
        "org.apache.hadoop.io.file.tfile.ss": 66,
        "org.apache.hadoop.metrics2.ss": 2,
        "org.apache.hadoop.fs.permission.ss": 9,
        "org.apache.hadoop.io.serializer.avro.ss": 8,
        "org.apache.hadoop.fs.protocolPB.ss": 4,
        "org.apache.hadoop.fs.ftp.ss": 6,
        "org.apache.hadoop.service.launcher.ss": 17,
        "org.apache.hadoop.io.erasurecode.ss": 35,
        "org.apache.hadoop.io.nativeio.ss": 17,
        "org.apache.hadoop.security.token.delegation.ss": 11,
        "org.apache.hadoop.metrics2.source.ss": 5,
        "org.apache.hadoop.ipc.proto.ss": 43,
        "org.apache.hadoop.security.proto.ss": 84,
        "org.apache.hadoop.tools.proto.ss": 21,
        "org.apache.hadoop.util.concurrent.ss": 4
    }
}