{
    "0da1330bfd3080a7ad95a4b48ba7b7ac89c3608f": {
        "0": 1838,
        "1": 3,
        "2": 1,
        "3": 1,
        "4": 1,
        "5": 30,
        "6": 1,
        "7": 1,
        "8": 1,
        "9": 1,
        "10": 1,
        "11": 1
    },
    "0f6dfeeacbab65a31a33927a4eb84871d371fe52": {
        "0": 1055,
        "1": 3,
        "2": 1,
        "3": 1,
        "4": 3,
        "5": 1,
        "6": 1,
        "7": 1,
        "8": 1,
        "9": 1,
        "10": 1,
        "11": 1
    },
    "13052a341fdca860e1bbb000bc0a9d00b840d948": {
        "0": 1645,
        "1": 3,
        "2": 1,
        "3": 1,
        "4": 1,
        "5": 1,
        "6": 1,
        "7": 30,
        "8": 1,
        "9": 1,
        "10": 1,
        "11": 1
    },
    "33608c3bd4d73996e4b1f022f36c44b380e0d83c": {
        "0": 2604,
        "1": 3,
        "2": 3,
        "3": 3,
        "4": 1,
        "5": 1,
        "6": 2,
        "7": 1,
        "8": 1,
        "9": 1,
        "10": 1,
        "11": 1
    },
    "36cedca874f21a37b5f69e077ea63484e1913a68": {
        "0": 1550,
        "1": 3,
        "2": 1,
        "3": 1,
        "4": 1,
        "5": 1,
        "6": 1,
        "7": 1,
        "8": 1,
        "9": 30,
        "10": 1,
        "11": 1
    },
    "7ee09e0939b131fe5acc13906c613265ab8a9548": {
        "0": 2218,
        "1": 3,
        "2": 1,
        "3": 1,
        "4": 1,
        "5": 1,
        "6": 1,
        "7": 1,
        "8": 1,
        "9": 2,
        "10": 2,
        "11": 1
    },
    "84f10fd78b08db80fb1d9bd03f2598e3f3757f02": {
        "0": 2604,
        "1": 3,
        "2": 3,
        "3": 3,
        "4": 1,
        "5": 1,
        "6": 2,
        "7": 1,
        "8": 1,
        "9": 1,
        "10": 1,
        "11": 1
    },
    "8d34a17407942bcdd0a631657dd3602f89bb7fca": {
        "0": 1055,
        "1": 3,
        "2": 1,
        "3": 1,
        "4": 1,
        "5": 3,
        "6": 1,
        "7": 1,
        "8": 1,
        "9": 1,
        "10": 1,
        "11": 1
    },
    "a0f120ce68dddb0cb31b64c89f3224313f3cb5af": {
        "0": 1059,
        "1": 3,
        "2": 1,
        "3": 1,
        "4": 1,
        "5": 3,
        "6": 1,
        "7": 1,
        "8": 1,
        "9": 1,
        "10": 1,
        "11": 1
    },
    "ab8368d2e0f3931615e6ef4550ad75d9e56047d2": {
        "0": 2218,
        "1": 3,
        "2": 1,
        "3": 1,
        "4": 1,
        "5": 1,
        "6": 1,
        "7": 1,
        "8": 1,
        "9": 2,
        "10": 2,
        "11": 1
    },
    "bdf3de9f6b377b6bfeaa95faadd12e7b29ece5dc": {
        "0": 1663,
        "1": 3,
        "2": 1,
        "3": 1,
        "4": 1,
        "5": 1,
        "6": 1,
        "7": 30,
        "8": 1,
        "9": 1,
        "10": 1,
        "11": 1
    },
    "c802ca28fd2c9fd35a662b8dd6b675e2aaa515d1": {
        "0": 1611,
        "1": 3,
        "2": 1,
        "3": 1,
        "4": 1,
        "5": 1,
        "6": 1,
        "7": 30,
        "8": 1,
        "9": 1,
        "10": 1,
        "11": 1
    },
    "cbbb899aedacd59040f55ac5ed911c1e62bf3879": {
        "0": 1759,
        "1": 3,
        "2": 1,
        "3": 1,
        "4": 1,
        "5": 1,
        "6": 1,
        "7": 30,
        "8": 1,
        "9": 1,
        "10": 1,
        "11": 1
    },
    "cd24e955cf7720cc4ad7687a0341b6e383722b64": {
        "0": 1608,
        "1": 3,
        "2": 1,
        "3": 1,
        "4": 1,
        "5": 1,
        "6": 1,
        "7": 30,
        "8": 1,
        "9": 1,
        "10": 1,
        "11": 1
    },
    "d282b7d2cb6e7f73ec6ac16a4b15820f7c12d38e": {
        "0": 1645,
        "1": 3,
        "2": 1,
        "3": 1,
        "4": 1,
        "5": 1,
        "6": 1,
        "7": 30,
        "8": 1,
        "9": 1,
        "10": 1,
        "11": 1
    },
    "da0a6ba1ce7667f1f58cc0f766ce65d126efcaf2": {
        "0": 2604,
        "1": 3,
        "2": 3,
        "3": 3,
        "4": 1,
        "5": 1,
        "6": 2,
        "7": 1,
        "8": 1,
        "9": 1,
        "10": 1,
        "11": 1
    },
    "e639c3357bcc6aa086916ebf1f9533f59d15a4b7": {
        "0": 1056,
        "1": 3,
        "2": 1,
        "3": 1,
        "4": 1,
        "5": 3,
        "6": 1,
        "7": 1,
        "8": 1,
        "9": 1,
        "10": 1,
        "11": 1
    },
    "f6d24536ba9e283a1a918531bfdc2786801fa1d3": {
        "0": 1055,
        "1": 3,
        "2": 1,
        "3": 1,
        "4": 1,
        "5": 3,
        "6": 1,
        "7": 1,
        "8": 1,
        "9": 1,
        "10": 1,
        "11": 1
    },
    "fff1d2c1226ec23841b04dd478e8b97f31abbeba": {
        "0": 2427,
        "1": 3,
        "2": 3,
        "3": 3,
        "4": 3,
        "5": 1,
        "6": 1,
        "7": 1,
        "8": 1,
        "9": 2,
        "10": 2,
        "11": 1
    }
}