{
    "0da1330bfd3080a7ad95a4b48ba7b7ac89c3608f": {
        "0": 27,
        "1": 1417,
        "2": 14,
        "3": 15,
        "4": 51,
        "5": 270,
        "6": 30,
        "7": 12,
        "8": 17,
        "9": 9,
        "10": 11,
        "11": 7
    },
    "0f6dfeeacbab65a31a33927a4eb84871d371fe52": {
        "0": 32,
        "1": 27,
        "2": 853,
        "3": 23,
        "4": 20,
        "5": 7,
        "6": 23,
        "7": 8,
        "8": 20,
        "9": 21,
        "10": 6,
        "11": 30
    },
    "13052a341fdca860e1bbb000bc0a9d00b840d948": {
        "0": 30,
        "1": 1367,
        "2": 14,
        "3": 33,
        "4": 26,
        "5": 31,
        "6": 96,
        "7": 23,
        "8": 16,
        "9": 8,
        "10": 11,
        "11": 32
    },
    "33608c3bd4d73996e4b1f022f36c44b380e0d83c": {
        "0": 27,
        "1": 1908,
        "2": 172,
        "3": 8,
        "4": 46,
        "5": 41,
        "6": 23,
        "7": 45,
        "8": 19,
        "9": 297,
        "10": 24,
        "11": 12
    },
    "36cedca874f21a37b5f69e077ea63484e1913a68": {
        "0": 35,
        "1": 1137,
        "2": 7,
        "3": 28,
        "4": 45,
        "5": 52,
        "6": 37,
        "7": 152,
        "8": 25,
        "9": 11,
        "10": 52,
        "11": 11
    },
    "7ee09e0939b131fe5acc13906c613265ab8a9548": {
        "0": 26,
        "1": 1705,
        "2": 206,
        "3": 51,
        "4": 42,
        "5": 19,
        "6": 37,
        "7": 18,
        "8": 36,
        "9": 23,
        "10": 12,
        "11": 58
    },
    "84f10fd78b08db80fb1d9bd03f2598e3f3757f02": {
        "0": 27,
        "1": 1908,
        "2": 172,
        "3": 8,
        "4": 46,
        "5": 41,
        "6": 23,
        "7": 45,
        "8": 19,
        "9": 297,
        "10": 24,
        "11": 12
    },
    "8d34a17407942bcdd0a631657dd3602f89bb7fca": {
        "0": 32,
        "1": 27,
        "2": 719,
        "3": 134,
        "4": 23,
        "5": 20,
        "6": 7,
        "7": 23,
        "8": 8,
        "9": 41,
        "10": 6,
        "11": 30
    },
    "a0f120ce68dddb0cb31b64c89f3224313f3cb5af": {
        "0": 42,
        "1": 47,
        "2": 598,
        "3": 242,
        "4": 23,
        "5": 28,
        "6": 7,
        "7": 23,
        "8": 8,
        "9": 20,
        "10": 6,
        "11": 30
    },
    "ab8368d2e0f3931615e6ef4550ad75d9e56047d2": {
        "0": 26,
        "1": 1705,
        "2": 206,
        "3": 51,
        "4": 42,
        "5": 19,
        "6": 37,
        "7": 18,
        "8": 36,
        "9": 23,
        "10": 12,
        "11": 58
    },
    "bdf3de9f6b377b6bfeaa95faadd12e7b29ece5dc": {
        "0": 30,
        "1": 1395,
        "2": 8,
        "3": 11,
        "4": 31,
        "5": 38,
        "6": 12,
        "7": 23,
        "8": 35,
        "9": 8,
        "10": 103,
        "11": 11
    },
    "c802ca28fd2c9fd35a662b8dd6b675e2aaa515d1": {
        "0": 30,
        "1": 1048,
        "2": 416,
        "3": 14,
        "4": 31,
        "5": 6,
        "6": 35,
        "7": 16,
        "8": 8,
        "9": 11,
        "10": 32,
        "11": 6
    },
    "cbbb899aedacd59040f55ac5ed911c1e62bf3879": {
        "0": 30,
        "1": 1343,
        "2": 198,
        "3": 15,
        "4": 72,
        "5": 29,
        "6": 21,
        "7": 24,
        "8": 38,
        "9": 8,
        "10": 11,
        "11": 12
    },
    "cd24e955cf7720cc4ad7687a0341b6e383722b64": {
        "0": 30,
        "1": 1248,
        "2": 14,
        "3": 11,
        "4": 171,
        "5": 31,
        "6": 47,
        "7": 57,
        "8": 16,
        "9": 8,
        "10": 11,
        "11": 6
    },
    "d282b7d2cb6e7f73ec6ac16a4b15820f7c12d38e": {
        "0": 30,
        "1": 1367,
        "2": 14,
        "3": 33,
        "4": 26,
        "5": 31,
        "6": 96,
        "7": 23,
        "8": 16,
        "9": 8,
        "10": 11,
        "11": 32
    },
    "da0a6ba1ce7667f1f58cc0f766ce65d126efcaf2": {
        "0": 27,
        "1": 1848,
        "2": 71,
        "3": 33,
        "4": 18,
        "5": 47,
        "6": 418,
        "7": 45,
        "8": 19,
        "9": 46,
        "10": 38,
        "11": 12
    },
    "e639c3357bcc6aa086916ebf1f9533f59d15a4b7": {
        "0": 32,
        "1": 47,
        "2": 775,
        "3": 23,
        "4": 79,
        "5": 7,
        "6": 23,
        "7": 8,
        "8": 20,
        "9": 21,
        "10": 6,
        "11": 30
    },
    "f6d24536ba9e283a1a918531bfdc2786801fa1d3": {
        "0": 32,
        "1": 27,
        "2": 842,
        "3": 23,
        "4": 47,
        "5": 20,
        "6": 7,
        "7": 23,
        "8": 8,
        "9": 6,
        "10": 30,
        "11": 5
    },
    "fff1d2c1226ec23841b04dd478e8b97f31abbeba": {
        "0": 28,
        "1": 1927,
        "2": 264,
        "3": 8,
        "4": 44,
        "5": 23,
        "6": 42,
        "7": 19,
        "8": 25,
        "9": 24,
        "10": 12,
        "11": 32
    }
}